mz,rt,netan_rank,netan_top_class,netan_score,netan_p_perm,netan_p_adj,netan_stability_rank,netan_stability_top_class,netan_selected_freq,netan_mean_rank,netan_median_rank,netan_stability_score,netan_stability_score_sd,LS10004,LS10006,LS10016-1,LS10023-2,LS10026-2,LS10027-3,LS10031-1,LS10036-2,LS10048-2A,LS10101-2A,LS10250-2,LS10122-10A,LS10028-2,LS10034-3,49,53,60,90,202,224,243,264,330,337,369,385,391,400,410,431,474,515,537,589,612,26,52,446,843,919,2042,2063,2094,2098,LS10009,LS10013-6,LS10014-3,LS10017-4,LS10011-3,LS10020-4,LS10010,LS10002-5,LS10008,LS10025-4
228.00981,20.83707505,1,Mayo,2.6810405254364014,9.999000030802563e-05,0.0017027958103303178,1,Mayo,0.76,259.96,1.0,2.2324884252995254,0.8278091980685904,0.0,0.0,0.0024425058827684883,0.0015684857243690967,0.0,0.0,0.0,0.0,0.009153367130619898,0.001316902809171689,0.0,0.0,0.0,0.0,0.06061942008431228,0.004540471989343051,0.0103476862277899,0.0,0.0,0.0,0.01266003820290732,0.0006139910408763386,0.004050864473689693,0.008695247784644516,0.005356195334130776,0.0016229554941984473,0.0,0.014383226293813882,0.0,0.07234988587744737,0.049576413678036155,0.05278023430660374,0.0,0.006019247416069884,0.0001686366574856653,0.005333157231079597,0.007907917847764475,0.03544531389336186,0.01043565080447795,0.005189896852719805,0.0,0.0,0.00027112652439924745,0.0011005550720247996,0.0,0.0,0.004557502330566678,0.0,0.015859186015014053,0.021570226121286777,0.0,0.0027494236122304998,1.0,0.013394563368980716
426.961142,36.02754702,2,Mayo,2.4495813846588135,9.999000030802563e-05,0.0017027958103303178,2,Mayo,0.74,387.26,4.0,2.041108727455139,0.8582921269866102,0.008426629015810882,0.007079429037871995,0.0,0.0,0.01709118716745803,0.11217614931920843,0.028797880513448622,0.065377580675194,0.0,0.006916671866975399,0.05531595158318764,0.2211144484946826,0.0,0.03865715475899752,0.059754001254900505,0.1167671378407006,0.00434598932556876,0.0,0.07572310193760809,0.025755660974767634,0.060682007343771584,0.07389487696904314,0.0862145339506067,0.11225671082156613,0.06411842678029786,0.02449429047506201,0.03471055297404294,0.17289303774360418,0.06888490250899754,0.07700156308311769,0.0,0.0,0.04352537766401477,0.03833812646740005,0.05573635740574971,0.06911478664023996,0.0,0.0,0.0,0.007061545148527217,0.06317127326791244,0.06645778856226939,0.0,0.04104089446155312,0.11882471531115055,0.12199092032655547,0.11987479080983399,0.04945958964828631,0.02067583838688697,0.016564171535772956,0.34273146926472653,0.09748590430755041,1.0,0.017192947289757066
290.0370869,41.81375211,3,Mayo,2.4429736137390137,9.999000030802563e-05,0.0017027958103303178,6,Mayo,0.7,800.96,4.0,1.9033340781927108,1.065063550035795,0.11507296588499917,0.07947184176460106,0.16521583456885022,0.15330301530523266,0.0886425978268906,0.011713463064656489,0.02369752476595848,0.026925420186335976,0.16073146793359971,0.036382414739083505,0.06712629306781118,0.03174253527829829,0.03695864830498073,0.2162276690095074,0.028989771377056228,0.05664854565092608,0.037248948028561116,0.02969704512245906,0.0,0.0202458149294708,0.05222645622519279,0.019582135309550077,0.024827614447613302,0.04207511092319007,0.021363283687203603,0.0,0.01782245554585208,0.030027544914651188,0.009703566503541051,0.01329901952207189,0.0,0.0,0.0,0.03015068601124003,0.013825722787388193,0.1003355569132102,0.0,0.0,0.0,0.04456385642680094,0.14011132866007175,0.0,0.07796005236393648,0.016949394508268215,0.013062847370072805,0.02778008979559434,0.017126121098862405,0.2743626410961888,0.062017905560416225,0.08694129732742986,0.021442258793095977,0.0,1.0,0.07680165204508282
466.81396,75.3617108,4,Mayo,2.438783884048462,9.999000030802563e-05,0.0017027958103303178,7,Mayo,0.7,1054.0,5.0,1.8483782735466958,1.1327338683046126,0.04376942988720974,0.07691843159985136,0.0,0.0,0.023361975573112793,0.07473783543479719,0.015339878464182659,0.027937247943205956,0.015460626399183663,0.016498022714527258,0.12531292390255325,0.14068891366744177,0.049025938898508925,0.031043823558573207,0.02601080150869515,0.03611609732354091,0.04637375509178732,0.0958908892442205,0.2023501194394934,0.16174259319752718,0.03527331317493914,0.002806069198753558,0.08270938063030568,0.010651610040145233,0.04287201664197733,0.08739757803184751,0.027142062679851798,0.04690672808914918,0.01373395316084896,0.05748293475669525,0.07092552648968589,0.0,0.20555216958771386,0.14813270336191423,0.013230357388789858,0.0,0.0980587696034382,0.0,0.08796769230347701,0.016417798647093234,0.043052650455027215,0.12840616884358266,0.027759558226753012,0.021768377320718964,0.0,0.0,0.0,0.0,0.05859967521270771,0.10792191964449789,0.09788827161169682,0.024649959711227947,1.0,0.016202781458588923
130.9638249,58.23281606,5,Mayo,2.3689534664154053,9.999000030802563e-05,0.0017027958103303178,8,Mayo,0.7,1340.3,7.0,1.7543201917409896,1.2364930481218113,0.023553751851363033,0.010267112270044685,0.00183248634962679,0.0,0.010493942770594622,0.02466165657251944,0.043200492817652286,0.016721039348006773,0.021563260497464806,0.009419230307060008,0.020044391768121433,0.02807473035430301,0.015433750727720975,0.3315300182312678,0.0074794335038011785,0.008060356662102192,0.02354079783394572,0.04772627574128388,0.03177017664535066,0.03513470044615105,0.0201191926254451,0.02484318767007657,0.049984216445056184,0.029703199575682265,0.0550240849880938,0.04972225509033831,0.017933908265396616,0.04187225114643044,0.019123635523723717,0.016535894127560135,0.010451269723098434,0.07985834700915391,0.0574076152267739,0.026509176619037577,0.02433599324922533,0.020335821559819,0.0,0.04697207072061377,0.016628622315978215,0.03775522124756128,0.05330643508348863,0.09183851788143199,0.0221969508778435,0.014841816702290315,0.013951495810075473,0.04677542249941441,0.025738914542609712,0.001055757205089817,0.04039379309442785,0.04179399666025963,0.01821545268810016,0.01763654448129002,1.0,0.009340672574764756
501.318178,137.8966313,6,Mayo,2.3317039012908936,9.999000030802563e-05,0.0017027958103303178,4,Mayo,0.7,666.44,8.0,1.841032667160034,0.9560285608768642,0.028558543391869966,0.007644703690104966,0.1637589945588576,0.10398140626396712,0.00891567522915962,0.1830937842978858,0.022878958376481375,0.03024549844802647,0.024642891310771714,0.09848679378526219,0.01687811791698912,0.0,0.03545923166222452,0.045539894476156806,0.12539288592419667,0.038721728731513125,0.07123792998709792,0.0,0.0,0.03803270761517806,0.039823949065301255,0.16201585877220936,0.03248232616990133,0.04338034845982084,0.07123792998709792,0.14589247985012865,0.21669611387551155,0.05742123884479685,0.033915036496372925,0.12560989663129044,0.20371956892962095,0.17005796161071737,0.0,0.012619711049851936,0.22809682384518518,0.016864859774048984,0.06853760463049333,0.09294491268117756,0.04289579375514417,0.15216964160167526,0.05011573068372739,0.029784441671213805,0.05512611035383504,0.02613518207265993,0.057492372315052116,0.0317565623543994,0.05381043202582989,0.048693222032904986,0.08015643491520537,0.03906115060610485,0.011800027376946286,0.04850725614443748,1.0,0.06173670188517278
248.170595,94.51365885,7,Mayo,2.325859308242798,9.999000030802563e-05,0.0017027958103303178,5,Mayo,0.7,759.28,8.5,1.862630707025528,0.9932532401539926,0.0,0.07693210997587875,0.07162528767718584,0.13500767663386845,0.12247799847591036,0.1275587512684819,0.0431275604441803,0.08450576782765777,0.1283799131592095,0.0075660704816473455,0.0,0.0,0.13743474733414568,0.0994243327873069,0.02555164642672117,0.0,0.025150552355581262,0.0,0.0,0.0,0.04735183018011289,0.028826801633743352,0.0,0.0,0.006589299916415387,0.0,0.0593204954592169,0.02371292730216692,0.0,0.06984941817665703,0.0,0.0,0.0,0.0,0.05023250379298787,0.0,0.0,0.05944053939583405,0.0,0.04387526413080452,0.1893946452381218,0.0,0.0,0.0,0.03313074348871864,0.1157071836263904,0.017925943205108374,0.07706728130545315,0.05740250755056566,0.3713500128882317,0.0,0.03687392767817742,1.0,0.01896875148109855
87.97262924,19.25818589,8,Norway,2.2780585289001465,9.999000030802563e-05,0.0017027958103303178,3,Norway,0.7,426.18,10.0,1.9250868904590606,0.8071583507238325,0.05049244928546644,0.0,0.0,0.0,0.0,0.09706497213408814,0.0824129451269976,0.0,0.0,0.0,0.0,0.22427972831643628,0.0,0.04565965724482311,0.0,0.0,0.0,0.20419437208644686,0.18188683520154192,0.10761505011542175,0.03384094759273598,0.0,0.04799502752017327,0.0,0.07431722514892673,0.1495980444430912,0.0,0.08905570017736,0.06567672460772041,0.0,0.0,0.03269254101460094,0.2634201561414867,0.13609092669227985,0.0,0.41942150292420294,0.0,0.0439483423020596,0.09754289565707154,0.0,0.06857637581920482,0.14765589193701267,0.06372366024528568,0.18648054797546365,0.0,0.0825131318503375,0.0,0.0,0.0,0.0,0.14002686807261233,0.020125775356484868,1.0,0.0
182.9772536,55.12076869,9,Mayo,2.237607717514038,9.999000030802563e-05,0.0017027958103303178,11,Mayo,0.66,1310.56,13.0,1.6631936791539192,1.1472972003669477,0.15758582885029412,0.0235488016609177,0.0,0.05413286983445661,0.05789714625510072,0.020930496886612977,0.0,0.0,0.012504603882040095,0.3203737504364318,0.0,0.07034274385596498,0.02196472862627917,0.0,0.03721229452783321,0.02452956631785511,0.004106035420941766,0.18582758490315077,0.15968182591813015,0.17182556275157548,0.030718744092627696,0.017015217636753125,0.14469086009766358,0.04865585330528519,0.08420548075638898,0.07314637077000592,0.03017394566012903,0.162178865162863,0.018189909490379266,0.029157726260086034,0.0,0.0,0.15211155041014385,0.05478898400267646,0.018342864352005345,0.0,0.0,0.0,0.10902404819312624,0.03390138222107375,0.04013107887321247,0.29599750531913843,0.16614081095108282,0.01747708999544865,0.0,0.0,0.0,0.0,0.0,0.0,0.06353737274224669,0.014256479422926687,1.0,0.05761882346238864
500.3123784,136.017198,10,Norway,2.206803560256958,9.999000030802563e-05,0.0017027958103303178,9,Mayo,0.68,905.74,13.0,1.7051200151443482,0.9952461524016586,0.015173908052035221,0.007422553125187468,0.1109925928351036,0.08727676625235484,0.011635577564143011,0.1590773146521072,0.0174013521957775,0.013909304459349696,0.026020616597371784,0.07340156116980745,0.008419053582655791,0.007892467113835254,0.022621553130869065,0.03123454639596655,0.0959741314717767,0.028123272689134268,0.0533747326402442,0.005885413977040432,0.0,0.03599574475744532,0.03593508786480223,0.15117054929925364,0.048676839119387666,0.033584274565404255,0.10752977482628062,0.27146632077356564,0.1905987945366134,0.051724531235960824,0.03730222815761395,0.11548026264056645,0.20451867638656485,0.1648232938311716,0.0027578593997236627,0.024538889125463027,0.22022620111703642,0.017700620972858662,0.08679333367580035,0.10899438866765121,0.08060119309909425,0.16966333724344435,0.046118236960061336,0.03904572003722161,0.08060119309909425,0.03917898310946594,0.041445008929797036,0.021369459591837777,0.056208825137091765,0.04695894285020018,0.10212329678590569,0.040535566692365146,0.005640514697814304,0.0449766361098256,1.0,0.050434480180096976
499.3100756,137.9367805,11,Norway,2.2001211643218994,9.999000030802563e-05,0.0017027958103303178,10,Mayo,0.66,1022.32,15.0,1.67906314432621,1.0346180229966493,0.016677270541325166,0.005987635494168545,0.10356146398119084,0.0584833211510716,0.007156463003217933,0.16490884202233874,0.015439444403379328,0.014023933792452401,0.02191083258278042,0.06008091487022389,0.0073767683291922044,0.0015419757120029261,0.018694600027415763,0.02805411662034841,0.0994502654134433,0.027179252131140617,0.05636793141787405,0.005243964484194362,0.0,0.03645534563353779,0.035157910811905335,0.13147603161535198,0.057338778799613056,0.030793618283682284,0.10041903668537419,0.3055574631946239,0.19727572185031914,0.04795056546113339,0.0400830251620389,0.10473620518447609,0.17293167068192788,0.12860018753323946,0.0015354879787348277,0.03481711744325261,0.2116315086300224,0.01535750559049392,0.06881583476618361,0.10473620518447609,0.08853582112545523,0.149710010665099,0.04449331519282844,0.04534118387606853,0.07293991490806302,0.033047229917268724,0.04219875850481235,0.01830029856361737,0.04941466740096955,0.03425553842133055,0.08408679290493559,0.03364913093591768,0.004733745778045367,0.043156837518131104,1.0,0.036814684041133604
228.9482536,21.17460169,12,Mayo,2.121042013168335,9.999000030802563e-05,0.0017027958103303178,12,Mayo,0.56,615.42,17.0,1.6991063877940178,0.8647085293592205,0.05401064971027292,0.06687473997255258,0.11243492366992701,0.15549727511620848,0.14329626091669054,0.03845227314110769,0.05465866873455178,0.1189311595785062,0.1612074785924081,0.13278448777179894,0.09032213674719242,0.0,0.22558654376755682,0.024108441712780416,0.23960309601806737,0.129914614922599,0.18682374807061142,0.0,0.0,0.0,0.17269127164136833,0.124101531866591,0.0,0.1593012239295776,0.05436019312797816,0.0,0.2739466916076571,0.03675577734184115,0.14457155393698026,0.19507036793155347,0.2308517591118664,0.24867020738788512,0.0,0.0,0.31626502378721305,0.12469946619722967,0.25064512821396184,0.15164268571991496,0.10507018265203004,0.23332170564893578,0.13491849309713316,0.0,0.032482835145823626,0.13000221534255893,0.2945376991301436,0.18197571428463616,0.16452312676379438,0.15674416087847823,0.07678541163612204,0.20793541315761824,0.12561822903508307,0.1316698964302585,1.0,0.22461492749143785
226.9107925,68.29844012,13,Mayo,2.104344606399536,9.999000030802563e-05,0.0017027958103303178,15,Mayo,0.52,1370.06,18.5,1.5740322995185851,1.1290089291306695,0.05768241270665286,0.04475817876173521,0.04270642270129038,0.10153200015405092,0.02069616203826336,0.07087479857001554,0.11101311898407508,0.04296157814917876,0.08061464963701435,0.03860205857753911,0.03905423894959439,0.17686297646262084,0.06764869141964502,0.027304210858112493,0.03582099044180674,0.02120126509639933,0.02739531930038815,0.09706764191882669,0.0884310305686039,0.05823709987899728,0.0909628331475714,0.02102493866428602,0.03308534538641881,0.0430385717578565,0.05408252155150802,0.0,0.04355663060408456,0.07139938613523265,0.035857846415011004,0.038870196575836444,0.05955544643444341,0.24906442737588222,0.08288465119103451,0.034640631009483676,0.027901166249734047,0.03578002668019457,0.0,0.0,0.0,0.018989513199523453,0.0669897664452664,0.453236747413456,0.2570774620002797,0.01931906306469689,0.0629193893030271,0.07809945966976924,0.020551077367173008,0.0,0.0,0.26930502009019874,0.08170483033359795,0.03474756021167125,1.0,0.027119958256684302
124.8285848,137.8355773,14,Mayo,2.0971548557281494,9.999000030802563e-05,0.0017027958103303178,13,Mayo,0.52,750.64,20.0,1.6596155148744582,0.8967576556933535,0.01701802596865787,0.0,0.2544956663793282,0.13238646836227533,0.0,0.19266638552158893,0.032598615314184703,0.20750568788624718,0.0254038245856991,0.10371922146099903,0.0,0.0,0.029305829923303606,0.042040464474291606,0.14967596028570174,0.04548734012738897,0.06331928079770514,0.0,0.0,0.05790080850489068,0.04504228406934134,0.1837383196063404,0.04644949560952132,0.034179792355967756,0.09131538109576726,0.18922402608371633,0.20738103456814758,0.05398990338436692,0.032598615314184703,0.16704172300251685,0.24461452627301164,0.21455503993327713,0.0,0.05704193645132858,0.27731931197253584,0.027155605979595585,0.10159960692355838,0.11579636511575307,0.06839992118693018,0.1862282364879085,0.03432072851892112,0.0,0.07049554787669328,0.020472481488917463,0.07242484167492508,0.02101400600288901,0.051749982837188464,0.07504292030953238,0.08835379808080707,0.04107785115059669,0.0,0.05525519604332125,1.0,0.06916356855169682
596.3629066,138.8447807,15,Mayo,2.0715854167938232,9.999000030802563e-05,0.0017027958103303178,14,Mayo,0.52,1002.5,19.0,1.6159148979187012,0.9861971006721804,0.013221078383073206,0.11334970672966829,0.03775481284156131,0.06619407554004601,0.01531336260988341,0.04420065351747316,0.18398778804657195,0.00765454149009275,0.08008732363632465,0.1258272937270959,0.05033811185364002,0.0,0.06390508871988881,0.05011826625564321,0.04060961120408047,0.010609184710595949,0.005434088777272045,0.0,0.0,0.0,0.00783891963898873,0.06292031912686277,0.010293581156266721,0.006130833562286528,0.1486420317801264,0.0494793588341353,0.07010356363858386,0.1986091464014729,0.09234763889157231,0.008756954771631222,0.0361004663273917,0.01737172521694979,0.0,0.07703920125689208,0.16431702877098528,0.07980457919009516,0.014349169455079245,0.23424683417627692,0.022528491438012416,0.13770790782807105,0.05179040109671093,0.18161884954256222,0.018758951108360292,0.08770494537182069,0.09026461215862765,0.2608955400496157,0.050021738198286425,0.06598594033937237,0.2189493773665451,0.025087208068915914,0.0,0.058829056078507906,1.0,0.028831442895640897
599.2364096,137.7467528,16,Mayo,2.063774824142456,9.999000030802563e-05,0.0017027958103303178,16,Mayo,0.5,1310.1,20.5,1.5366484427452087,1.0822526427926602,0.0,0.0,0.07524913797503811,0.0,0.0,0.2485941293306084,0.0,0.0,0.0168211783778684,0.010246241461094645,0.0,0.0,0.0,0.02572669398900386,0.06462785450674041,0.0,0.01333194419515786,0.0,0.0,0.0,0.0023488253083225157,0.05011917530252134,0.07037042651488869,0.0,0.07123354787848213,0.2917180248600176,0.037338989642804195,0.04168376209265188,0.00019091470604695404,0.025549713920253993,0.13883361384136358,0.13116142557223784,0.0,0.17624024992228857,0.05346777196729572,0.008357719144411562,0.06089613418729549,0.13279164645328168,0.0919062905441623,0.05317888464974613,0.04586118521140588,0.10758463270233107,0.060192024255295073,0.004913105177400941,0.21195504293685472,0.0,0.012707749991040376,0.03774548501418924,0.10427114082366853,0.2290164637976466,0.0,0.11299656178486552,1.0,0.09221456356779945
213.0008102,102.333894,17,Mayo,2.0356993675231934,9.999000030802563e-05,0.0017027958103303178,17,Mayo,0.38,516.68,22.0,1.7444545578956605,0.7817826390321126,0.09086943842731855,0.2277650956594877,0.016188453459669665,0.019528771056400537,0.19047662367480883,0.058594896395994245,0.1927329778289972,0.19504066739621448,0.11755238785572815,0.05002858538876638,0.06156367529473613,0.4504658997917204,0.1347328828185207,0.086471743205865,0.15816789853301483,0.15057222322351624,0.0944457457503725,0.3457343848499261,0.07940743086758685,0.14880333988153488,0.1703450651853588,0.09964397967569046,0.09027453125879958,0.11352954824957742,0.08253699384288254,0.0820260176308867,0.16175685053670863,0.0,0.18614037293341415,0.10305192537053522,0.05617810178048596,0.06762085105442615,0.06338987544827976,0.10413094723473151,0.031931882145335,0.0304379917690668,0.05825329024501329,0.03564544484390436,0.07395455509868822,0.06829172597964475,0.20134307117884936,0.22480517066471306,0.09573802030123957,0.07542711169059817,0.2950149287078639,0.1631511550580818,0.14760218521469418,0.13932082546535196,0.13413618640639424,0.16290486173874769,0.16279323448508026,0.2256967366495944,1.0,0.19167471246675924
361.091538,22.23615693,18,Mayo,2.009359836578369,9.999000030802563e-05,0.0017027958103303178,18,Mayo,0.34,196.7,25.5,1.861509711742401,0.5223059355825058,0.031219640458417307,0.014575465533431262,0.08592086405857981,0.028896640427493535,0.05664226935977946,0.0029355861886132682,0.029157393191172862,0.567482894933823,0.10850341946787993,0.07048286306652565,0.050836178640875675,0.0073356063728370145,0.000853924079184501,0.028077665214603767,0.023363810870231032,0.013393827217517315,0.11970108972561846,0.0,0.0,0.0,0.02898776554966731,0.008934053725767567,0.0,0.0,0.0,0.0,0.0,0.002612185616290923,0.03269503319123909,0.09527732781729863,0.0,0.0,0.0,0.0,0.0035555385781649664,0.004917538451165805,0.0,0.0,0.0,0.0,0.017984680650348705,0.0,0.00806784366681024,0.0,0.19316570746992354,0.07191713493873987,0.017599151593316043,0.1384734735911503,0.567482894933823,0.17700544662908002,0.009138587315021101,0.2640223188607519,1.0,0.06243802233787015
222.1581528,151.9104407,19,Mayo,1.975755214691162,9.999000030802563e-05,0.0017027958103303178,19,Mayo,0.32,870.74,25.0,1.5594377988576889,0.9016618093022835,0.052835576411145155,0.12920622903165305,0.060997431765893104,0.1252603921660209,0.0,0.0,0.0,0.0,0.0,0.12100527673548177,0.13386109375291205,0.0,0.07890787043114553,0.10254017366234426,0.062120356609939274,0.0,0.08441830389544475,0.0,0.0,0.0,0.20770197775460628,0.07884281728649968,0.16338673330257972,0.04063152538603964,0.0,0.0,0.0856458113571484,0.0,0.013293964918509048,0.22533840206831818,0.38798438126630586,0.159649790865887,0.0,0.0,0.17323975996992355,0.05371344096389354,0.13126429670956455,0.08084435580973051,0.0,0.1656897184620528,0.03740791831058084,0.21119224758033667,0.07979408188987126,0.07462171536727757,0.07035160164610442,0.13983208903463504,0.06225799441956709,0.3644361306889679,0.11234425344812456,0.1751834471957073,0.08860386670665368,0.08941121726404978,1.0,0.24774090971160162
499.5151746,137.7784041,20,Mayo,1.9508661031723022,9.999000030802563e-05,0.0017027958103303178,32,Mayo,0.14,723.7,26.5,1.5650915294885634,0.8291807571269335,0.04874480897630188,0.005268273601966852,0.22845098931720612,0.16391841965209014,0.07862567119901759,0.22845098931720612,0.026755421656420877,0.044857309478544174,0.023306218398111964,0.1143838198215019,0.05721496959660527,0.0,0.012492027550183072,0.031853036224388565,0.17272249951712043,0.06841728513040972,0.090647112211596,0.0,0.0,0.0,0.005166069754371093,0.22040258867734858,0.04990871839238186,0.0643790330031639,0.06717538198785786,0.22505021927748645,0.22353654488170882,0.0,0.07714179865775876,0.21464283727350975,0.27052870161564213,0.2454206862799388,0.0,0.0,0.37526782581162943,0.02381215853062002,0.11546349405924289,0.1461552443286749,0.07516144209062094,0.19144188408890553,0.08574718649147578,0.0,0.051385502094092046,0.27519648193303353,0.11731305999124338,0.018267963521831736,0.013966313854168548,0.09615744416279903,0.11697945127365422,0.013523505919999426,0.09462033128458394,0.07209662096520196,1.0,0.09292577892932533
427.2199504,23.10498791,21,Mayo,1.9359521865844727,9.999000030802563e-05,0.0017027958103303178,22,Mayo,0.26,239.42,30.5,1.7492738020420076,0.6244695094464222,0.0,0.01175748888835751,0.14434467468753168,0.046010489961373455,0.32295762026006253,0.060036290917354386,0.07007220581212513,0.0014464295971165682,0.0,0.1766557121864373,0.03974167712932831,0.0,0.017406930636241918,0.1736840730973958,0.011539986410955778,0.030172848072692566,0.052458695068424724,0.0,0.0,0.0,0.05565707980158763,0.03881752926158487,0.0,0.0,0.0,0.0,0.09073444011201963,0.0,0.007165697337784984,0.09010803117934849,0.6439230165845439,0.0,0.0,0.0,0.04284822727596385,0.0,0.0,0.0,0.0,0.006175902423226554,0.0,0.0,0.054498727315117526,0.0,0.016353767103745424,0.0,0.09277339504216475,0.03285642227813997,0.0,0.005517642742672476,0.0,0.1396521511335638,1.0,0.029345891580210375
614.3737257,125.5689106,22,Mayo,1.9273797273635864,9.999000030802563e-05,0.0017027958103303178,28,Mayo,0.16,1696.16,32.0,1.366188948750496,1.2094467697259017,0.010829333361730446,0.49532435408254816,0.23406071256237282,0.02011698834494891,0.0008682121057510592,0.04261380917697682,0.10309473301200217,0.18774426632416563,0.03484416261026293,0.003506281494969171,0.04616197647515532,0.0,0.1345090178014397,0.04038959470486006,0.060632026092959174,0.021469248522315833,0.047803802193124786,0.0,0.0,0.0,0.012679493130542847,0.01348023176007744,0.021352287985428757,0.015604457263316097,0.03387174719196466,0.0,0.1335146116119089,0.06725069630092549,0.017497213434360878,0.0017766021852885442,0.013875014826087263,0.01081608092563228,0.0,0.07314110237840839,0.055775965957929274,0.0455726000935068,0.06775517604083249,0.012704520338992026,0.020891602728268757,0.08060002192283415,0.014080205354188264,0.2838366929283744,0.0075300555779092325,0.04978963543432815,0.03248448172199621,0.14863834042139204,0.03510293685781636,0.012717228073282332,0.06952779389117221,0.0035388311048177913,0.0,0.038885413174974966,1.0,0.03507603599095073
597.3659093,137.7964986,23,Mayo,1.827212929725647,9.999000030802563e-05,0.0017027958103303178,63,Mayo,0.06,624.56,42.0,1.5191992366313933,0.7414471284408,0.07995104767332353,0.08070215090025028,0.1631497328305099,0.11541107929053754,0.13774656282556227,0.13423013191483832,0.14306487986542069,0.12052591167699842,0.075957539321985,0.13557682583418798,0.07585287438925552,0.0,0.45930876610555244,0.15802856475746435,0.12648562602247518,0.015573710759150225,0.0967866990941896,0.0,0.0,0.0,0.03549906512043385,0.05487374879718928,0.11154583871347717,0.22150127762962254,0.06566674624086091,0.0,0.2580098160895424,0.07086317752947244,0.04362867036961451,0.01708378760426344,0.04236962488974813,0.04996145823885865,0.0,0.0,0.21872439009201342,0.05559213811488272,0.15407933364848025,0.12128395952312378,0.2829145206365445,0.13988017086816432,0.02474562623719778,0.13439260556882018,0.0,0.057363604454167,0.07590439830116649,0.3215503063206425,0.14360317787509916,0.03758832156926322,0.21838280849423,0.0322699683339789,0.0,0.0650760757752225,1.0,0.04779932491968366
266.0175932,21.59809511,24,Mayo,1.8110897541046143,9.999000030802563e-05,0.0017027958103303178,125,Mayo,0.02,1458.86,68.0,1.2904031002521514,1.010042429944722,0.0,0.0,0.01662613799864036,0.08771350725556937,0.0,0.4452680476596325,0.0,0.0,0.057089533104843423,0.0030963490150669516,0.01718397467593627,0.0,0.27490351431201354,0.002000254799856233,0.2519970367494931,0.06460343199632294,0.12329644848342491,0.01653784265641418,0.0,0.09061097312007214,0.044403978854528466,0.15746736625950528,0.039247373384082365,0.0359580115491898,0.004470588971040481,0.05261974615385587,0.13147816007634314,0.0,0.003020929640157036,0.042358260372422664,0.0359580115491898,0.045723031844419636,0.0,0.09807486844724785,0.048783890165050664,0.19413936842801297,0.29794280423986774,0.08052953396831737,0.009512971340266584,0.18476763856205058,0.005507797924899648,0.015251929578237762,0.005204595489429627,0.13276128925225783,0.13872440190471344,0.0,0.022011923402279844,0.04012393123033764,0.0728738445671577,0.0,0.0,0.00261077759742956,1.0,0.014332622555351832
100.9433295,128.8513485,25,Norway,1.8065463304519653,0.009099090471863747,0.0658905308223791,37,Norway,0.14,1817.26,120.0,1.120333611369133,1.0572017214117317,0.0,0.0,0.009039874837552659,0.009695010701824677,0.004595023207678669,0.0038020634893023686,0.0,0.002114342839003363,0.007549051331418238,0.006342717582398589,0.010658546515957485,0.0,0.0648141725896376,0.0,0.032576803606660196,0.0,0.000884089787969076,0.0,0.0,0.0,0.0,0.004779883122469564,0.0,0.0,0.0,0.0,0.014931539454316533,0.0,0.02682714372727424,0.0,0.0041518627587786025,0.005331418686184945,0.0,0.0,0.0051164129299491636,0.0035313140154987826,0.007336698493670332,1.0,0.0,0.07421016824438621,0.0,0.0,0.0,0.0,0.006883350872296154,0.0,0.004131613208743779,0.007194567488472491,0.00954846739681864,0.027258052986910572,0.0,0.006803430024099736,0.0067723653333981336,0.030231543907519746
367.2638475,241.4438752,26,Norway,1.8025178909301758,9.999000030802563e-05,0.0017027958103303178,26,Norway,0.16,478.88,107.5,1.458686532974243,0.6220733112767628,0.0,0.08913957182029952,0.018661988622790764,0.09364013392446648,0.0433226059208165,0.04338780213990303,0.020546612798514968,0.07676693048020042,0.06959099317636247,0.02879302365951563,0.05718183728934222,0.0,0.0,0.0,0.3017985843564257,0.0827941748485856,0.13389949735073364,0.1113166183956319,0.0,0.08243968366494961,0.09475973228736322,0.07732272488762297,0.0,0.1401646716359341,0.11580226273059804,0.0,0.12278459929098828,0.08742207105328745,0.021677272817387544,0.19822416762808512,0.14359070157164328,0.18252499750896528,0.08986026233299385,0.0,0.19150531682122154,0.0,0.0,1.0,0.0,0.0,0.0,0.0,0.0,0.0,0.14371563751703847,0.0810563823770093,0.02925125656940852,0.02843009974750747,0.0,0.044314455721641506,0.05369011933126176,0.05416435163341276,0.0,0.0
284.063519,20.15192931,27,Mayo,1.7919645309448242,9.999000030802563e-05,0.0017027958103303178,31,Mayo,0.14,503.26,44.0,1.545847145318985,0.7045230187074287,0.0,0.12717326195081202,0.040039397621653684,0.03825127218557465,0.018653294626400627,0.03646408999462436,0.021541698463346602,0.0,0.0,0.053258923716462264,0.0040386118028682815,0.0,0.31157866550589436,0.09635801030020656,0.049116831662074076,0.10145156093545325,0.24057535452508227,0.0,0.0,0.0,0.0,0.05295242318591437,0.0,0.013126605626467296,0.04029889075514953,0.0,0.027626542369865552,0.036715262967668395,0.28786020503782456,0.10646659930774412,0.6646528806133313,0.00893406534312492,0.0,0.0,0.0,0.03156771057419873,0.0,0.0,0.06509397123085489,0.09483849385253809,0.0,0.0,0.06720904731176638,0.0,0.0,0.0,0.10342788589885717,0.16612632393398774,0.17732976601928835,0.23896478789285605,0.0,0.060537474671064004,1.0,0.06874868202261347
283.0211453,141.8551112,28,Mayo,1.7876076698303223,9.999000030802563e-05,0.0017027958103303178,33,Mayo,0.14,735.9,53.0,1.5099157905578613,0.8176513116866274,0.0,0.0,0.04497683413226891,0.4611418251149782,0.058831355062011086,0.05004586336459585,0.5226334129145447,0.0,0.07267012886429405,0.04872750481942694,0.0,0.0,0.0,0.0,0.2151550168844547,0.012071566649094168,0.050982077114893096,0.0,0.0,0.0,0.0,0.024749841769820216,0.0,0.0,0.0,0.0,0.04126650193578356,0.0,0.019092932958548713,0.04053299301549725,0.10186889998816342,0.06095387340983653,0.0,0.0,0.06622317073709631,0.05128790319034884,0.03159419755386117,0.0,0.0,0.0,0.0,0.0,0.0,0.023531399804487603,0.13380192681102623,0.0,0.4690073910834904,0.043836051848946976,0.05511773165896637,0.0,0.0,0.06267393622047134,1.0,0.016611791339849295
666.3814915,67.32081463,29,Mayo,1.7744032144546509,0.000899909995496273,0.010231225663082098,21,Mayo,0.3,1850.96,46.0,1.2504567915201188,1.1229274603118695,0.010170852929155713,0.009518831430838915,0.0038880285884356314,0.017385953549545898,0.009231197283957934,0.01910879685485831,0.03217383502514692,0.010845162532452423,0.002903326606701139,0.013254237930244349,0.04287078105377224,0.0,0.0,0.05324704284069597,0.0,0.0,0.006409712710288228,0.0,0.0,0.0,0.003077536474345846,0.010148767079602442,0.0,0.0018974639842825195,0.0,0.0,0.0,0.00613664395409879,0.0009443339008422393,0.010835649510403238,0.007690277916413605,0.0,0.0,0.0,0.0,0.012197333185325397,0.008996171793970885,0.0,0.0,0.0,0.0,0.0,0.027026092311642373,0.0019651496591172814,0.015785335985376434,0.005900297573372856,0.020391172738126916,0.12133588567414,1.0,0.006865142114929718,0.0,0.0,0.0,0.0
567.2975669,137.8260689,30,Norway,1.7720893621444702,9.999000030802563e-05,0.0017027958103303178,182,Norway,0.0,606.22,72.0,1.4619745409488678,0.7004706544345187,0.02421168676286512,0.0037273439485232497,0.33279198431920215,0.1588429697777081,0.09203833263607591,0.30067834140358085,0.037088297139383344,0.008780785408281378,0.045743630475990095,0.1106463864398472,0.009948055229118201,0.0,0.04886591128563787,0.04535712099095065,0.2384364231576137,0.025009892838508418,0.10462422988730209,0.0,0.0,0.05830566479951243,0.07660222215871625,0.21184455961762944,0.06855064594207837,0.0592604100569382,0.16368377757395325,0.2588874161593066,0.28135633212924405,0.08959236311257779,0.05541887196189507,0.25051826678795347,0.3614437667923433,0.33102200675935356,0.0,0.05459522690510637,0.38080412609246855,0.006170659848342796,0.10520309076354281,0.16360118049953384,0.09631276852069016,0.2709243303677914,0.05858555798001688,0.144236339501723,0.08073948134913875,0.05454678521259971,0.0888217735838692,0.03844610271207856,0.0745094137345809,0.08969711803130216,0.13182268576685482,0.05604541257983366,0.0,0.09641850870296284,1.0,0.10796841055209094
266.5193839,19.97708575,31,Mayo,1.7457705736160278,9.999000030802563e-05,0.0017027958103303178,92,Mayo,0.04,1314.82,86.5,1.282070016860962,0.9352110186738943,0.0,0.0,0.16999626094004872,0.22082127792478165,0.0,0.6213076785571112,0.0,0.0,0.0,0.0,0.0,0.0,0.08551883790601349,0.0,0.18482262372957722,0.10640170850390714,0.027959467385679806,0.0,0.0,0.08307932501808067,0.018959629338375427,0.029204577807340978,0.051768769201955264,0.0,0.0,0.0481165043826877,0.02844597336315988,0.0,0.0,0.12479306228249472,0.004682082554109346,0.03450339430216673,0.0,0.06972940844687324,0.03886408873805689,0.1504465699663009,0.2402462280093153,0.055561131244074455,0.0,0.09520186945345979,0.0,0.02367776378983457,0.0,0.10054432076791245,0.07513688139556439,0.0,0.26614125041182213,0.0,0.02490590459973111,0.0,0.0,0.0,1.0,0.0
406.8451718,74.19064916,32,Mayo,1.7305306196212769,0.001399860018864274,0.014651139103686242,20,Mayo,0.3,1116.06,50.5,1.3659449136257171,0.8911081672245711,0.006646225537078389,0.009236939734747977,0.0,0.0,0.0038067208521576656,0.007257557232188337,0.00484753941228233,0.0020918148504791806,0.004031536306298924,0.0,0.0022780225274614666,0.05458089605887322,0.003814550939998417,0.00573774440426114,0.009129473743765592,0.007684458100499811,0.010084672861984131,0.028317827584090596,0.0753161793127836,0.023004557631176308,0.009798501328675794,0.0,0.02627242875074048,0.015443557912288337,0.0085518685663469,0.024188534472182933,0.006024064363537766,0.006244726531347973,0.000943852471808025,0.002343837956966563,0.004433584051454098,0.0033934582087852055,0.02323895756765833,0.015618626263192015,0.0021927440914481853,0.00838074872992269,0.0,0.03271735629225078,0.07180984948768136,0.005515133445554761,0.006559550124569717,0.017976799436842442,0.012408804494405614,0.0009977262569176302,0.05768100527819417,0.005495111916558378,0.011059636213056884,0.0,1.0,0.0,0.007603243288272241,0.006124615120484415,0.012209771514639046,0.0034275774797269784
521.2931868,136.0567745,33,Norway,1.7055833339691162,9.999000030802563e-05,0.0017027958103303178,52,Norway,0.08,1180.14,94.0,1.3118148732185364,0.8972475408253808,0.04431000851050898,0.015170883514859913,0.12012709307227752,0.08684772685758908,0.011788556652970825,0.20350901623610687,0.023314478006029996,0.02465801787307143,0.043660216874771604,0.07772379553615587,0.0139125383763991,0.0,0.03410832043382422,0.055368934904889776,0.1408004784473696,0.05441005709804882,0.09018684887268474,0.017231637364976293,0.0,0.1023819814661594,0.08301042565993526,0.1510237627104763,0.0934018782646347,0.08927706966228093,0.17968634394593602,0.5463582338235231,0.1902595248950676,0.11761273576109671,0.059051733479913,0.14673451162203188,0.3104034231461985,0.25069742755583185,0.048835100297436984,0.08711163840025327,0.17581004312252818,0.04506328507930368,0.1318607948543168,0.21906628225437497,0.13703289524665346,0.17619310747017694,0.1033518967235735,0.09979259528104292,0.15118301782873983,0.10144772634705843,0.07727889264882008,0.050937583489027896,0.08436693157570767,0.06034928703375185,0.1645950988801001,0.058656405991561696,0.013954757229796435,0.08091646940186287,1.0,0.09199537081555739
165.0921162,63.7886214,34,Mayo,1.6837480068206787,9.999000030802563e-05,0.0017027958103303178,184,Mayo,0.0,614.06,82.5,1.391543962955475,0.6514206205670806,0.0,0.05771396645368635,0.15228586071327557,0.10637913756488251,0.01692661522080366,0.10384564746094671,0.10012071722541419,0.04127435943295693,0.24521042608865568,0.10180573259839618,0.21812657703542862,0.12391873937296966,0.27116725712779705,0.06534339897237709,0.0285687862403739,0.0101429052623387,0.047129870001311566,0.07425188908281481,0.11166254421528943,0.07178696123331074,0.01054135602732183,0.02632005324520249,0.07221782172989381,0.09731653783213084,0.12491994822102602,0.04490083605428494,0.03625715710168077,0.03333546708273312,0.07934650732055219,0.10242247712423105,0.13643089331943842,0.046378002503620494,0.11840103772425804,0.03514989122268083,0.08653762548146356,0.06299474641382513,0.3694151002914131,0.11636428593347006,0.2888338869506511,0.1259366266767975,0.038006394769124534,0.17553035782189425,0.09712341037343239,0.39582866316817317,0.3401721259809276,0.04515506104077003,0.09023264847850566,0.11930809298057687,0.29355871170017284,0.2097285711453746,0.1086457192894957,0.20997543297444773,1.0,0.18241032431694992
746.305185,94.516617,35,Norway,1.6776785850524902,9.999000030802563e-05,0.0017027958103303178,109,Norway,0.02,370.84,69.5,1.5398737943172456,0.5601478870329405,0.05926472774137964,0.058331449044908765,0.044182748583779456,0.03432090545714809,0.013560020904256478,0.04643227879390234,0.0,0.019119175784361047,0.07665547907530522,0.041001523609213476,0.029935090365445397,0.0,0.13409845119920757,0.0,0.01765897122229747,0.010016961024078638,0.0024903903244090503,0.0,0.23503673576732298,0.36899283996300203,0.031016974958432468,0.0038657656052036955,0.06929321888999668,0.0028537380511423527,0.08178831994045573,0.0,0.010824361820776797,0.0,0.002066672671469976,0.020878062782348494,0.0,0.055404794686026035,0.0,0.0952121706964594,0.02053761670993634,0.6936355656153701,0.03716124404899918,0.27171347881009494,0.0,0.006887632371657118,0.006172934403767853,0.18631752121622763,0.0,0.6054851031454092,0.09592754814101738,0.03234673590826725,0.0,0.0,0.0,0.015560602690865209,0.07093126495145058,0.018798115976609082,1.0,0.07565838142971079
266.80364,22.85183038,36,Mayo,1.659282922744751,9.999000030802563e-05,0.0017027958103303178,23,Mayo,0.24,1750.44,51.0,1.1001551973819732,1.064762987093662,0.08839773831761048,0.12879741048475032,0.07392088267153099,0.04867995127682981,0.15177906499932473,0.40177425765139074,0.18333358746471673,0.10389187419074833,0.08058396752527845,0.10920504738097335,0.17348056314542595,1.0,0.10027400872645766,0.11561755296723221,0.16449211387549942,0.0782281117971953,0.07706690502967747,0.002111443141114293,0.002431196588790795,0.0003132933696253626,0.08839773831761048,0.06423608005187358,0.00014134422647671112,0.07392088267153099,0.00021783150404076264,0.00010840739498017126,0.04394385622656863,0.012200580172281613,0.15177906499932473,0.08270441104989674,0.0001830309948385236,0.007858333448654331,0.00037732867513283035,1.3060431331801502e-05,0.08943414203104724,0.08058396752527845,7.53599174254424e-05,6.715940627115567e-05,0.0006787489300288073,0.08270441104989674,0.004706706160979323,5.417539883374876e-05,0.00012343681090810934,7.96055336427081e-05,0.22124210007497325,0.15747687400199134,0.12166232562629814,0.07938803144353726,5.721863647260062e-05,0.1444934844718311,0.3206127608850603,0.12442900226965802,0.0,0.0951082836044254
268.8009396,22.63577033,37,Mayo,1.6543614864349365,9.999000030802563e-05,0.0017027958103303178,24,Mayo,0.2,1543.66,44.5,1.1410237255692481,1.0113204370108326,0.12525648466373027,0.18858750460710758,0.11652473664353956,0.08166400039280187,0.21323136172247442,0.48662046651895147,0.2074435549404215,0.1398172607866786,0.10555180089705704,0.1398172607866786,0.20042084969678278,1.0,0.1665816176771677,0.15178653336781758,0.23108280928094332,0.10719714951288106,0.10719714951288106,0.00016387331582659107,0.00040437327193042433,0.0002758727854278906,0.10719714951288106,0.08056214511165191,0.0002857169109805009,0.09647248675875554,0.00015357828448813655,0.00017659267809871264,0.04490906405498931,0.0034978526041581845,0.20042084969678278,0.10928133796455501,0.00015885794442488117,0.01710432500359692,0.0004021194029939077,0.00019808428191453684,0.10719714951288106,0.10555180089705704,0.00010580843943921843,0.0002515736824219066,0.0,0.12525648466373027,0.024351981842568576,0.00010127038006171662,0.0001209477665949922,0.00022303545125981823,0.28705606899082975,0.21323136172247442,0.17174760075382617,0.10719714951288106,7.198525664972889e-05,0.18858750460710758,0.4256926254903475,0.17628363212724987,0.00035511973828589876,0.12892905802994137
268.2280934,118.522003,38,Norway,1.652291178703308,0.001999800093472004,0.01974741173381814,61,Norway,0.06,570.66,107.0,1.477839915752411,0.6444265433972861,0.01950171684968377,0.02054550618692774,0.013852215140782519,0.0,0.0,0.03718274501392034,0.0039697613307588635,0.1252426811081109,0.09238597327121816,0.03531921848717445,0.03877509584501954,0.0,0.02193597123580663,0.006793248676904419,0.03637503162319308,0.026686995199431025,0.016560657910696962,0.0,0.0,0.23043098782641872,0.009616436109088279,0.013998585178272873,0.041643075149311044,0.022105080199441886,0.11224723362287432,0.0,0.03355209566606905,0.024292784829136462,0.08177954540722238,0.018850407260161,0.022235449355406656,0.0,0.5131937629384754,0.0,0.012917156852345993,0.0,0.030505746561112768,1.0,0.0,0.02176703637380632,0.08602633960985273,0.037059862343806003,0.024541902659768605,0.016308740442210805,0.046391132733710275,0.01907936402900293,0.05860461320764673,0.09231408332596702,0.04592375293672074,0.016772519408094117,0.024077867123509577,0.019093716366189156,0.04830928137793986,0.04833879172468146
276.8327358,22.81083039,39,Mayo,1.6391716003417969,9.999000030802563e-05,0.0017027958103303178,25,Mayo,0.18,1767.52,56.0,1.082672485113144,1.0587834078483342,0.16530080265713715,0.15791420443194495,0.10818876576065894,0.06852280442233957,0.15209783482700237,0.4023996055580455,0.11722840262416555,0.10166354632647853,0.0798220667770951,0.09807934420890532,0.1438609609185363,1.0,0.13505447368301685,0.15014199408435563,0.14840521818321195,0.046816507804887726,0.08212707091952808,0.0061510529945390515,0.0013062218229636807,0.0031299075089941527,0.1115745965385399,0.05724543577578441,0.008175772277724444,0.05657693180772778,0.021406263840323125,0.003306387647882545,0.03332134992082661,0.0003087927472077378,0.1163334471800044,0.058437719346795154,0.0015418344512609314,0.007073739003757123,0.0048622627441272295,0.003900603474553266,0.027849604142505507,0.0568591942946302,0.002641782094675029,0.0014282003357900964,0.0,0.08100910461240472,0.0016490327316168684,0.00017188660760343268,0.002620159141048627,0.0004449799893586956,0.17078927387641069,0.18858531348530047,0.12307663330993178,0.05460432740322188,0.0009195299166407043,0.10473434757825613,0.298177058450067,0.14067249598668013,0.004273868149157137,0.06489634433462642
368.2674297,241.6108945,40,Norway,1.6187260150909424,9.999000030802563e-05,0.0017027958103303178,62,Norway,0.06,585.18,159.5,1.310837415456772,0.5971685703123348,0.0,0.10502952103528836,0.0,0.12787589410064631,0.1588564669874443,0.0,0.0,0.07383316492956665,0.2221541583273539,0.08108455319607229,0.10542406703291306,0.0,0.0,0.0,0.3548729715335629,0.049430495801404024,0.12340494714911338,0.22077689522572466,0.0,0.11045562706412543,0.08075278316107799,0.12480088657864055,0.0,0.11493182151273036,0.10262673096104574,0.0,0.12544350009079258,0.035254469186283124,0.07425401647848748,0.24056687779726288,0.15223087637029228,0.20827101227636888,0.19159878866852958,0.0,0.19891804507050187,0.0,0.0,1.0,0.0,0.0,0.0,0.0,0.0,0.0,0.17636675324156226,0.10365504571544604,0.05287180410936537,0.05909938667656865,0.0,0.05517975701886521,0.0869038391083879,0.08856713480921402,0.0,0.0
210.842365,22.70758121,41,Mayo,1.6141725778579712,9.999000030802563e-05,0.0017027958103303178,30,Mayo,0.16,1767.14,53.0,1.0830400678515435,1.0419807515472488,0.1781640915242371,0.22166472907944262,0.15875062808776438,0.11037809185646576,0.21918085053481973,0.5367097758230643,0.2612885731495818,0.1831711148338298,0.14810081562436175,0.1851911875234092,0.2789891903888167,1.0,0.2437049842499783,0.19364162112874347,0.2403224819015117,0.11872898788402354,0.1382354810566341,0.0011496378675109778,0.0020850284291216653,0.00012274057634557343,0.12451114284629752,0.11584264788386286,8.43439663491138e-06,0.13060230079972387,0.0056063683898092374,0.0007305370481337733,0.1382354810566341,0.1687921704280852,0.2291728052271812,0.15875062808776438,0.001000319566180208,0.07481031130636605,0.00626701659522137,0.004486526655192618,0.12947926426787063,0.12765107411579782,0.0009503083030197331,0.0012265883190704433,0.00022236573952875676,0.1491559971105982,0.08486582487407598,0.006568916857262511,0.0009594072027313057,0.0008729916574573278,0.2437049842499783,0.2676091604635754,0.1718638730675878,0.12249756197431312,0.0006518843667810269,0.21918085053481973,0.45760835336454386,0.2403224819015117,0.0,0.14119324416316306
94.92508917,20.70014959,42,Mayo,1.614098072052002,9.999000030802563e-05,0.0017027958103303178,46,Mayo,0.1,1932.74,74.5,1.0371944218873979,1.0795317870450363,0.10284640991294297,0.18461341234032522,0.08564587824554637,0.05668338136209467,0.1404845827669697,0.42619669479358774,0.19813803768393856,0.11983931943483213,0.09316200728123888,0.11983931943483213,0.21566648327108254,1.0,0.1589406183249866,0.11441224238411231,0.14974691826922207,0.08923211986497524,0.09316200728123888,0.008308710105057859,0.007415279496723643,0.004610489348015396,0.08923211986497524,0.06721277921485455,0.004766620029101876,0.08564587824554637,0.008842713056342792,0.016540790041542672,0.07709084907806481,0.044534281696358854,0.1404845827669697,0.08564587824554637,0.0001996488445053847,0.0309055897613681,0.022204280424746467,0.0073501263880056495,0.07427661358271388,0.07207455866444679,0.00028215706386187515,0.0,0.00571281325611827,0.09797144386958077,0.05117749021288542,0.009044953999890719,0.002811797558976641,0.006608565709960666,0.1714087838004259,0.1714087838004259,0.10284640991294297,0.08564587824554637,0.0001374327684107461,0.1404845827669697,0.3022935148846507,0.13316085276567596,0.00528399437259057,0.09316200728123888
336.7879493,21.65951858,43,Mayo,1.6124346256256104,9.999000030802563e-05,0.0017027958103303178,38,Mayo,0.14,1947.06,56.0,1.0450428158044816,1.0781570241996283,0.04531517417191008,0.07875532713733963,0.14329175324324359,0.08970924101172112,0.14026230261473094,0.4451145188221423,0.055853056635576485,0.07214070123470558,0.037223784381636614,0.13323574795754356,0.16913303050554304,1.0,0.1590481015815711,0.19375082688433026,0.20539303907310835,0.024682047769111707,0.02994776276856233,0.004397704557751844,0.01381395606085763,0.0018364625179276913,0.07844760655596902,0.12114691554069025,0.002455467485788632,0.11970407725969864,0.001302545170263444,0.003859378683498249,0.0011985127193613206,0.000702776094736947,0.09290144334820187,0.09882092737269287,0.0018055208680770728,0.0028327385718764893,0.005881424458779413,0.0023090691634177624,0.09466547112064896,0.08819562775326736,0.00030748832874597496,0.0034507350147490816,0.0015452165459837494,0.10005721760220757,0.00036086544789236863,0.0019283748621690732,0.0016416594443615896,0.0,0.14062927446156642,0.2265271138228744,0.13534765300657373,0.027639253087698778,0.0015401636802078408,0.15286500700086486,0.4295592725159558,0.25451576175895135,0.0037481644197178404,0.11344080611828525
92.92801503,19.96093539,44,Mayo,1.6118216514587402,0.04899509996175766,0.2382471950953467,76,Mayo,0.06,2134.64,93.0,0.9857566419243813,1.1417944669781948,0.06915546190667153,0.09492610230049904,0.04659738414843015,0.028141604653177967,0.07444869742083851,0.232138556635502,0.10702763702976956,0.07444869742083851,0.052093912943835544,0.05919064330120512,0.12954822915948494,1.0,0.06915546190667153,0.052093912943835544,0.08792482755106688,0.0421635969151963,0.04659738414843015,0.012305520476536753,0.011689691822179497,0.002845206162485873,0.04659738414843015,0.037793982264864676,0.0030545717276927384,0.0442214847674107,0.004734760456659812,0.010202834033398719,0.0421635969151963,0.024468160007500173,0.0813539280786198,0.0421635969151963,0.0011676616156354486,0.01494085234603708,0.012801924185365857,0.004861236552288945,0.04659738414843015,0.0421635969151963,0.0,0.001721405006621302,0.005769094369462208,0.049293258356667854,0.028141604653177967,0.006477473465636598,0.002543163403967824,0.003959751872742077,0.08792482755106688,0.08792482755106688,0.052093912943835544,0.04659738414843015,0.0002321830834078528,0.07444869742083851,0.19380820619246886,0.06401657405373509,0.0031559860764148935,0.0421635969151963
116.9723307,27.61730727,45,Mayo,1.6064057350158691,0.002199779963120818,0.021510743726964886,74,Mayo,0.06,2003.9,90.0,1.0152226614952087,1.097882934848993,0.13290089005360262,0.09597081210855747,0.038869435080547084,0.03497219205742265,0.09757600151555734,0.3011263343408311,0.11573693139750295,0.10255968032053653,0.03359531407711002,0.08015277653419414,0.1422849210095658,1.0,0.09832459493625527,0.15978932812761662,0.0808820512883268,0.10929758381131613,0.04742076430086856,0.0022103066312066477,0.0008161499979494725,0.004852275796378832,0.05390339995724527,0.049313882650398086,0.0,0.06059656767762021,0.07427488526582596,0.0022103066312066477,0.08635086893220309,0.09597081210855747,0.2089638764559477,0.038869435080547084,0.008132298684710968,0.013518546013290065,0.02323438239399286,0.003764028877965465,0.05480101611555273,0.054470133904495885,0.016783711745700532,0.011221608032547724,0.008406165598474498,0.04788172121316721,0.029441081115437872,0.006404282003673915,0.03926614332704496,0.01442514858816833,0.1213627162506056,0.10346323031776938,0.07726377857526018,0.051805326203874895,0.017176791422462794,0.0858489288885033,0.28060979930378344,0.15202491250969077,0.0016506035351441354,0.06952835282614613
150.8866567,21.71895342,46,Mayo,1.604972004890442,9.999000030802563e-05,0.0017027958103303178,42,Mayo,0.12,1868.32,74.5,1.0488429230451584,1.0630811490799472,0.13430840181565273,0.16728756885222565,0.11653752691321781,0.0763813959078502,0.17997749275657496,0.5075848835043121,0.20253979981115333,0.14644555512539253,0.10841387684820222,0.14223445218444083,0.23093444404380137,1.0,0.17997749275657496,0.14223445218444083,0.17997749275657496,0.09956404885326677,0.10159171948616842,0.0013711923799558311,0.015240281730221775,0.004968120909775195,0.09854836860684488,0.10709530101434578,0.0043462316806102816,0.09749761147060641,0.005564444528134457,0.002352152300299098,0.06132779515913079,0.030889532941480936,0.18593671706179463,0.10986965661447144,0.002188449217249847,0.032366057179008534,0.0027394271810061523,0.00040199323398569086,0.09503195441794562,0.10055963892969269,0.002109991558169367,0.003517284208620091,0.0006923339313720719,0.10261160254062825,0.0455846852630963,0.000984037377664294,0.0,0.003056444168117548,0.2145459307576979,0.20542908296096715,0.14856999378489824,0.09956404885326677,0.0014440120439461004,0.15723181631369734,0.30392242989383084,0.1770837121046949,0.004382821084354137,0.10461347418534865
706.486754,22.05746531,47,Mayo,1.6027783155441284,9.999000030802563e-05,0.0017027958103303178,99,Mayo,0.04,2003.74,71.5,1.01676922082901,1.076591894446331,0.0,0.06131750040230914,0.28308658119097385,0.039978498213155085,0.22784881762050926,0.4372744067094657,0.09735751582606074,0.07240194421001342,0.06890269612204768,0.048048106054314164,0.027211367113716873,1.0,0.1114710638448825,0.0,0.10419505209630975,0.023186696252872414,0.09919695730960419,0.0,0.0,0.0,0.028240316518398357,0.017035142809319732,0.0,0.066252431975079,0.0,0.0,0.0,0.0,0.040525647098959804,0.053604920370485074,0.0,0.0,0.0,0.0,0.039978498213155085,0.15318255683115212,0.0,0.0,0.0,0.04590716089715406,0.0,0.0,0.0,0.0,0.09878478624971555,0.13677571600886407,0.055249949665054025,0.0,0.0,0.09341984607040425,0.40091072610445705,0.0,0.0,0.07913388744693978
208.8453101,22.72356312,48,Mayo,1.5986589193344116,9.999000030802563e-05,0.0017027958103303178,29,Mayo,0.16,1738.28,56.5,1.0789109951257705,1.0290044744071076,0.18859348081862792,0.2410042715882455,0.18219828288065876,0.12964876861266242,0.24947797827627682,0.5331174525416713,0.2801955117167603,0.2076305537518561,0.16463678764529785,0.19673054467773393,0.29392492439976226,1.0,0.2650334376311962,0.21751812011112817,0.24506159607703465,0.14366572272234965,0.15433639167857102,0.011596603166137965,0.0020526801534449467,0.0011143516743049955,0.13640067415809123,0.1353036801931125,0.0013719883754136715,0.15343208192563815,0.0008149253947468037,0.0005471296033680829,0.11374166058543995,0.17105048214369814,0.24506159607703465,0.1738222932408915,0.0006623896158545025,0.07864287221472054,0.001772266623314975,0.0,0.1401865221624327,0.1445989600190429,0.0005203774145582173,0.0008870278882540878,0.001270981079424259,0.13640067415809123,0.08845335622496218,0.009177410679110215,0.0005155542888792538,0.0005824788385751544,0.2681252729693366,0.2566851352434775,0.1861205367676859,0.13325523369458958,0.00030872078110312035,0.2226157848829344,0.4436973529198435,0.2681252729693366,0.0006301924413686309,0.15983854496563207
330.7537734,22.55843044,49,Mayo,1.5828574895858765,9.999000030802563e-05,0.0017027958103303178,27,Mayo,0.16,1122.86,59.5,1.1772819191217423,0.8793265785370269,0.20352690272416793,0.109527358256308,0.21907972862172573,0.15820137401959258,0.2935063191773882,0.5927215881239158,0.3909938115546115,0.2447592798359916,0.21439888427428608,0.06242746108763959,0.29214531806167415,1.0,0.25075973550456876,0.2396761513213032,0.17459674284019203,0.1836049434667914,0.15282653333450455,0.004914849375993475,0.024099683708961858,0.0,0.22473203349627785,0.19422512823834184,0.0005626424916051573,0.22473203349627785,0.04296584073334278,0.0,0.13913420347630281,0.05470264003898778,0.22308023833770357,0.2662875843163762,0.0,0.020289961749205113,0.006723337398606912,0.0,0.09595961204438065,0.10447732640350028,0.0,0.0,0.0,0.2473399491150991,0.12675017529317556,0.0035440078857821395,0.0,0.0,0.38430407549803847,0.38032701691765947,0.2632116380103209,0.18406140127274934,0.0,0.311039625791547,0.5301691546808803,0.3055062326754996,0.0,0.24825095838074868
777.5469824,179.6113092,50,Mayo,1.5799918174743652,9.999000030802563e-05,0.0017027958103303178,202,Mayo,0.0,725.26,127.5,1.3876128935813903,0.7042431933556726,0.05902422816623933,0.22461949613009732,0.05684876997670247,0.0,0.012607398267437913,0.07706598895546227,0.0,0.18541432636425345,0.06540062841171412,0.028686781782728522,0.05054394379130778,0.216755617809912,0.09422553119461437,0.06969779393919996,0.02280107158594523,0.02938844806363738,0.030774395419721875,0.5486543981993294,0.28334193496477555,0.12957971498707815,0.04158494906551747,0.012369405791399462,0.10545660068651753,0.045651803197274056,0.2186216665498574,0.18833003015045932,0.1592968874049439,0.09446956200717671,0.03517777063850143,0.0309288423992801,0.0,0.06446997213839224,0.636796491567113,0.19969450877544967,0.013046867199447481,0.041197870592598565,0.1274436279160547,0.08643226841649387,0.08913435857437305,0.06475269700682741,0.052270179844982154,0.11135650512782157,0.12696177337901166,0.0046622804777349085,0.058485601460145614,0.09773509086428213,0.02831971595248142,0.04799980768724433,0.12185057505095821,0.10587438906273412,0.1506892107322401,0.04942437376528671,1.0,0.3426185865110847
776.5447431,179.6458684,51,Mayo,1.579622507095337,9.999000030802563e-05,0.0017027958103303178,64,Mayo,0.06,720.18,101.0,1.4296925902366637,0.7391133867452432,0.013491986553337823,0.1529705397435701,0.04832718572916805,0.008928972942391462,0.010674824098734428,0.07552771723495827,0.009012936604991317,0.16783417456336544,0.04957486076626761,0.013274544780997804,0.030978584194471546,0.137461387607989,0.06317105460573963,0.030687572856179814,0.0013160243502499714,0.02797557614692823,0.016378348531142457,0.6009350815741119,0.12008237567545142,0.08705113774915155,0.03393652805153888,0.011092994023787894,0.024546698981668547,0.03663120515468945,0.20594398203865427,0.06627864466007743,0.14571131712110555,0.09857209756840546,0.05289819951901215,0.04807201407039213,0.0,0.07192024451228056,0.6808180211324949,0.1378657350764133,0.010978082906294161,0.03729090611442377,0.1074995811341513,0.0371176629317929,0.06355987980544517,0.06983295275194218,0.052003097339358796,0.03630980277407367,0.11009075274516827,0.03517320938151807,0.0630914793923088,0.06302289378811482,0.04408927387321086,0.01216198986372038,0.10391965499809301,0.09048892676087872,0.10613682389702342,0.007393950357608081,1.0,0.28086901472838577
292.845333,22.9108812,52,Mayo,1.5778632164001465,9.999000030802563e-05,0.0017027958103303178,57,Mayo,0.08,1815.64,83.0,1.0375631287693978,1.0216739141135929,0.2225515337233009,0.1670549608264229,0.06924891873206342,0.06768547619658702,0.207604727946046,0.4517550795312383,0.3018394987833034,0.14114631750880777,0.0544216341382452,0.053074621521230915,0.08922940304142483,1.0,0.11516940397032722,0.03369456874789511,0.05709899414384411,0.06438304389380102,0.025321358381760237,0.0,0.0,0.0,0.05105368641979953,0.12174746577757802,0.0,0.06337324758361072,0.0,0.01040589516087535,0.0,0.0,0.026018567615761597,0.06906356282518122,0.0,0.0,0.0,0.0,0.03250947024438089,0.024964940809830014,0.0,0.0,0.0,0.018945445322380433,0.0,0.0,0.0,0.0,0.04718246304054527,0.0591746223149716,0.22360482094475245,0.02684633279029431,0.0,0.053439807346937866,0.34852834620215806,0.12867841777450137,0.0,0.21252235060312913
288.8586253,23.10151873,53,Mayo,1.573100209236145,0.012498750351369381,0.08499573208486216,58,Mayo,0.08,2207.1,106.0,0.9574723815917969,1.1231811408461565,0.055266861978927335,0.12510290754570658,0.017851292108847564,0.04797646659800757,0.039274434041351655,0.37536644393620305,0.16159559401121248,0.04566597529769788,0.022391667366350454,0.05430017551463812,0.12236234074284708,1.0,0.047027154212396186,0.0431453455377212,0.08859641465281609,0.09640998169296837,0.035578858347061454,0.003609543277610898,0.04634747177651504,0.0008123533517775417,0.008603643228726116,0.09226737085471995,0.0011404089860701458,0.006505436977619134,0.03682327455717082,0.035886424654426465,0.1008533485197802,0.00011170054976883823,0.08369950960690344,0.03113667123997027,0.0,0.0014882679749629642,0.0045691116689893126,0.0011000732241702332,0.020536783730560615,0.0541382429644122,0.03657232389839552,0.0007524722578345301,0.00337896921421871,0.041061807072755856,0.027695017466645856,0.0007866584487570092,0.00024730671035575055,9.561421198941972e-05,0.08666381478473272,0.04840427776965463,0.07071012754136806,0.05234382344781771,0.002276473886538332,0.05685923620419715,0.17980886419051847,0.035362052856129034,0.0009417620567279112,0.07560031495659583
102.9568438,22.36617316,54,Mayo,1.5725034475326538,0.03779622167348862,0.19740482768778525,75,Mayo,0.06,2104.56,113.0,0.9667159759998322,1.10685029727631,0.09341459009890218,0.07175337772334588,0.034114647111115816,0.017119169973647274,0.066941018277291,0.30649137335492366,0.10858257998643223,0.040188947011881304,0.028579315233765036,0.034114647111115816,0.0761917011295003,1.0,0.028044166234966396,0.07947598596676954,0.04197172126373813,0.07492098287289896,0.04197172126373813,0.04872340590609141,0.03435745015291214,0.016406365362638856,0.03699549281727,0.018193945856487013,0.018326270614580083,0.03435745015291214,0.036540686863431565,0.032486774306067896,0.020393045307294456,0.023471840541581374,0.08181801966209204,0.02238880588049361,0.0,0.015277388143275618,0.038279890439897823,0.024773997877909463,0.020540066816635876,0.0405998838547584,0.009373864297200666,0.004511162556399213,0.018814920958581192,0.02238880588049361,0.023471840541581374,0.02302429134972555,0.018482613910766752,0.005819994929094708,0.09495793939385785,0.06170975226151825,0.058028243925675606,0.03088265617000516,0.004385906182928351,0.06982175787083295,0.1963963624850246,0.09707443169220172,0.007846917022027342,0.034114647111115816
570.6202685,22.49569733,55,Mayo,1.5715733766555786,9.999000030802563e-05,0.0017027958103303178,141,Mayo,0.02,2084.96,93.0,0.9854039490222931,1.083426650485121,0.010567587958676301,0.151170308642475,0.16938296229254207,0.02991051978758983,0.11412574351826994,0.4649565232175308,0.12017133897976665,0.1577539395385283,0.032412817299375,0.16479321338977831,0.04004196960878701,1.0,0.14932607880401363,0.02112878426121109,0.08717707861929895,0.014201258948113596,0.015399906741779535,0.014394595714651907,0.0,0.0,0.10629307467404332,0.011529969078618937,0.0,0.011620658089943134,0.0,0.0,0.0,0.0,0.13098766586968738,0.039754445857585176,0.0,0.0,0.0,0.0,0.0,0.042354058609538135,0.0,0.0,0.0,0.0901252374363079,0.0,0.0,0.0,0.0,0.03709213273874628,0.18093061888339554,0.058911861051052616,0.0,0.0,0.02437617467922768,0.2870712783360259,0.024316622599353035,0.0,0.054334447588287385
272.7951188,22.6792353,56,Mayo,1.5690747499465942,9.999000030802563e-05,0.0017027958103303178,35,Mayo,0.14,1578.52,64.0,1.0909209057688714,0.9794621210066881,0.1721315008453871,0.2607459949190521,0.1883430079490266,0.14633193698817026,0.28664185717290674,0.5467837540085664,0.3340325055812553,0.22143144208063523,0.1817647565242728,0.21388519774816195,0.2982162543650909,1.0,0.28915845810245266,0.23047455446751708,0.2764518992709205,0.15358352577394624,0.16764930847189743,0.004158064487255467,0.00828276679540692,0.0021257544970301996,0.14633193698817026,0.13577813964180407,0.0007735643725652551,0.16059989872869082,0.0008216064515609132,0.004711713652143607,0.06024420256590121,0.014083115487549059,0.28664185717290674,0.18753318050566428,0.0006041454588774499,0.027743116430479844,0.005183885003631214,0.004023350070124373,0.1472029651943256,0.15887916035278773,0.0008967529471462487,0.0002526965869736209,0.010374768039493018,0.1656112756970181,0.0656174268812734,0.004980874305030989,0.0,0.00012174142330476778,0.2952416464582687,0.30773490296557476,0.21654193915097436,0.15425765006796566,0.00024698292872630433,0.27188472622483645,0.4920262334698755,0.2607459949190521,0.00015540785151160644,0.17563716418384184
525.2525297,86.45237847,57,Mayo,1.5667959451675415,0.002899710088968277,0.02672920836597134,36,Mayo,0.14,1730.04,112.0,1.1164207690954209,1.0151393835836995,0.0,0.0,0.0,0.02064803165258106,0.0,0.0,0.0,0.0018218979495323638,0.008461923009785599,0.0006363394192130217,0.0,0.0,0.01736454100822111,0.15122274255451662,0.004550930241713202,0.011095702636667941,0.0,0.0,0.0,0.0,0.013481991673288831,0.002868192156566741,0.005307884139251676,0.062114333474654365,0.003303034883802979,0.01804620756557931,0.0008170527742204947,0.0,0.01865928560149882,0.0026322799230660237,0.16709852591157914,0.0043446872430045295,0.0,0.0,0.0018105216790737472,0.07057778061263437,0.010545144775396429,0.0076402418977747745,0.0,0.001311650198913759,0.001649231805607945,0.0,0.0,0.03911051783798275,0.0008211328685812638,0.001594924623092849,0.0021736186538868574,0.0,1.0,0.0015924168087599725,0.0,0.0,0.0362868464872734,0.020612095531367475
309.1741108,139.8803503,58,Norway,1.5627734661102295,0.007699230220168829,0.05783776870067014,95,Norway,0.04,1651.26,122.5,1.0291176688671113,0.9396068432623975,0.01613176278077445,0.0006198390263721009,0.008896801676083402,0.0,0.01110312120153196,0.02358765572248877,0.01963329424387029,0.017508838081248406,0.023097429277011094,0.006127481152583008,0.026768307306397666,0.07803874477764249,0.010708866017042757,0.02238739834032395,0.014131448814135361,0.01852112328155255,0.009045422374585181,0.17960403245144207,0.36417634205538374,0.07550971527093746,0.009023173682427235,0.028621475802916907,0.07424252526975988,0.019264610918719546,0.0364737395022355,0.25328688387013754,0.018723257963522484,0.0601496991952611,0.05109464038401094,0.01968189911148979,0.05618521593705113,0.029359862598005652,1.0,0.11310237432350433,0.0020731817944931227,0.017331777980013344,0.09103693534210133,0.07239996032230121,0.11744766769368298,0.008465656594514431,0.04957085308076269,0.19158443005569678,0.09613789222719597,0.030375507957877582,0.016081032109133944,0.036123032715321884,0.013947308341267806,0.019214057925389803,0.03672729454985505,0.02929031362687127,0.04583419241526609,0.026877762624598196,0.08457366342402346,0.014406830325598979
326.7595165,22.69792852,59,Mayo,1.5619709491729736,9.999000030802563e-05,0.0017027958103303178,54,Mayo,0.08,1468.38,70.5,1.1100480231642722,0.9538552292260444,0.1965390664875095,0.08190820860764537,0.16958739475700735,0.1259327796730141,0.2381793201300305,0.5163385562327444,0.3087657731114152,0.20367473432346037,0.1721786197078202,0.18037014213395927,0.2557789430334265,1.0,0.27026876682513856,0.19854750807309168,0.29483449521256994,0.16286511888561425,0.18167360674208746,0.002208291650793762,0.0009652420764336509,0.0003758239024923539,0.17755618586758973,0.1557866864051873,0.0002406475288267538,0.18323760221510363,0.0004504412363034008,0.002412851842374467,0.0456179584855738,0.007093970531431926,0.354963700746719,0.20367473432346037,0.00012011263987203806,0.007652341208987241,0.0009127137114780356,0.001836751053502941,0.06720548221845568,0.18037014213395927,0.00012860235399210387,0.0001894061675342993,0.00039179878549966385,0.21386121956063803,0.011466783481215607,0.004495070089845436,0.00015938036796103567,0.0,0.3173243144172107,0.3393727623376095,0.24049878650567255,0.15077054626518702,8.332050846758128e-05,0.29483449521256994,0.5507628961844556,0.2905036353578756,0.0001708166664960095,0.21860272487663757
154.8807946,22.11726108,60,Mayo,1.5616692304611206,9.999000030802563e-05,0.0017027958103303178,55,Mayo,0.08,1682.12,72.5,1.06834088742733,0.9982035733793201,0.21624019432416697,0.2870969418312528,0.21624019432416697,0.15612292721682774,0.2885194510821014,0.5627964668245776,0.29847504963958915,0.2480564990254311,0.1947611719322597,0.24026731988478417,0.3233811311938069,1.0,0.29392496962954023,0.25128471151694753,0.2677177461203667,0.16173607213233385,0.16756962505013803,0.0030132019136885502,0.004554024774485359,0.0,0.15823212571927656,0.15487321197954265,0.00578498603606328,0.17434349616472272,0.006621225679515136,0.0035516781562289915,0.08135934395812493,0.07231009943689143,0.2741226632314697,0.21624019432416697,0.0031798671083820345,0.10971661191003576,0.003520126833960323,0.008287243875540636,0.15084688102030688,0.16393166768210557,0.003335058230891674,0.004542363955741372,0.006206198323197101,0.15979365980776855,0.07127485669666225,0.0012333173293074592,0.003640981488681229,0.001918914024859022,0.2885194510821014,0.3046384674757411,0.21841392166539472,0.15979365980776855,0.0023074317468431953,0.25128471151694753,0.46636481021999643,0.26315392476980537,0.000584069013406789,0.17744233870960283
502.6325535,22.45880538,61,Mayo,1.5599288940429688,9.999000030802563e-05,0.0017027958103303178,34,Mayo,0.14,1555.78,72.0,1.0940160113573074,0.9708595893004601,0.1158342108209368,0.2132167712564067,0.18350890268397732,0.13275434859288712,0.2970297000375405,0.5363821399412476,0.3383002081674295,0.22106491042591858,0.18890622314050984,0.18657431756674284,0.24231519324279363,1.0,0.2901329314090871,0.16846352268153347,0.30241183932652127,0.15653972510604017,0.163503426203479,0.0,0.0,0.0,0.16118789335466888,0.13101131550150882,0.0,0.17370953180980028,0.0,0.0,0.009155043110845702,0.0,0.2901329314090871,0.2194725690444898,0.0,0.009792969978349081,0.0,0.0,0.16025928842200285,0.16506576145742893,0.0,0.0,0.0,0.16436664491932684,0.007830842115881104,0.0,0.0,0.0,0.32609692284363273,0.3451021633829767,0.2341008356493732,0.14313534293108124,0.0,0.27524913330951145,0.5579852269870015,0.2314307871572854,0.0,0.21696948635429344
562.5882076,22.32530018,62,Mayo,1.5596647262573242,9.999000030802563e-05,0.0017027958103303178,96,Mayo,0.04,1701.84,73.0,1.064130455851555,1.0002655347868035,0.04208836692519172,0.21174477670853784,0.17608032601918305,0.1307338297857232,0.1920425406495958,0.499247823750267,0.08836114457912371,0.20356057988237275,0.1782309591837477,0.18972932452743332,0.23378826385127763,1.0,0.27404564985740437,0.14958441328112626,0.2725587447719617,0.13483795367597068,0.14815507957382223,0.0,0.0,0.0,0.16213598666177337,0.07650669797323233,0.0,0.14690134670982308,0.0,0.0,0.005288206982516202,0.0,0.25623264149573305,0.21356981784793108,0.0,0.0029597800587090085,0.0,0.0,0.12253161002284813,0.16112646192153593,0.0,0.0,0.0,0.07573604500156077,0.0,0.0,0.0,0.0,0.29872773713644063,0.32061349423150304,0.2004877807991512,0.13541395149449967,0.0,0.27404564985740437,0.47384295135778587,0.22809544580661092,0.0,0.18314978680365349
394.7468847,22.94188453,63,Mayo,1.5595099925994873,9.999000030802563e-05,0.0017027958103303178,123,Mayo,0.02,1412.74,96.0,1.0958934432268144,0.9308447819560499,0.1249692196186983,0.23445957760231242,0.18621256975651732,0.17440283533072273,0.284361759896143,0.4737129837870104,0.10459887132697984,0.16861787171118933,0.1227474975490148,0.04460131658296339,0.162100929044404,1.0,0.127052081336584,0.1529112969334379,0.0703510977548684,0.0999545264429584,0.07337589480474153,0.0,0.01643019192210442,0.0,0.0660372964846868,0.1249692196186983,0.0,0.031817427352109386,0.0,0.0,0.0,0.0,0.02767961459658968,0.2959079189812566,0.0,0.0,0.010643562509545736,0.0,0.004001195289379883,0.01588168479972054,0.0,0.0,0.0,0.0,0.0,0.005810888689963207,0.0,0.00016322493955205793,0.12356663183681837,0.1179619371681563,0.10166900194508527,0.21178486754698697,0.0,0.10393188747301182,0.35763828402957293,0.06595528419027212,0.0,0.08479699758054468
280.9785213,33.03212036,64,Mayo,1.5580534934997559,0.004399559926241636,0.03726413349539544,98,Mayo,0.04,2003.68,118.0,0.9792453837394715,1.0629757311792976,0.06488952371006985,0.032142685137294444,0.012773447921609005,0.008674513617213789,0.036561484780175964,0.28591139210653743,0.043625173992188175,0.012235429192836185,0.030428166426128316,0.02874874531749411,0.0392151569174547,1.0,0.04852946283693437,0.10599484903654795,0.028214640939945856,0.03485327713437448,0.020141504105122866,0.0,0.0,0.020422963452123664,0.03934664551403426,0.02426162641987557,0.03835784918351743,0.05142919662522891,0.08389562033139278,0.0,0.04274376249498264,0.0713101466620709,0.13071427076621223,0.010611387867673558,0.0,0.015385336668773019,0.06085790644478712,0.0,0.017035037702286943,0.03507389465569647,0.00794964693728891,0.0034764997675652953,0.011129595954867082,0.03545590580863677,0.08679793691651214,0.0,0.03531559243279551,0.04962493580929382,0.061111479282104864,0.032233848405877515,0.03492220473325234,0.021201602764619486,0.02527815177784744,0.04967735909827987,0.29590211585524406,0.051485964701302116,0.0,0.025694072158221785
374.8756239,64.19078731,65,Norway,1.5538039207458496,0.0002999700082000345,0.004100610418217478,168,Norway,0.0,500.0,206.5,1.3152463138103485,0.5298993951216078,0.04062098485475067,0.01410510116252124,0.0,0.0,0.24307153443082963,0.04806871359644559,0.028046965013098016,0.039924967991884316,0.016568513079538914,0.049402799482254414,0.0,0.0919209083473937,0.02162825185452724,0.102449220969318,0.016375595939958767,0.033999390292752,0.0040164494568755895,0.19000538091530753,0.31240376895042904,0.16628551467485875,0.012480434549426012,0.019902466820774636,0.09856291863072351,0.1738537360499794,0.05211401984668873,0.2936133615006027,0.05795832444375562,0.08002799039153784,0.044804381926223276,0.009893232934532715,0.038592661283292654,0.05407006290012143,0.3525458416031376,0.09435960893700768,0.017640461146144107,0.0,0.017032440688662633,1.0,0.1442490881902162,0.02902664383531759,0.07038060644081819,0.15712367520379103,0.019886021501745652,0.004221849940725779,0.0,0.008503918062078435,0.020274755549596832,0.0,0.016978895884747783,0.0,0.07955513219801838,0.07160489141636385,0.11171108866107064,0.031536775621382504
592.5668468,22.04310377,66,Mayo,1.5516228675842285,9.999000030802563e-05,0.0017027958103303178,100,Mayo,0.04,2058.34,86.5,0.9935935437679291,1.0768114147107577,0.0,0.05367751543460555,0.05357012622212908,0.05147518833340457,0.08396203640464596,0.5005890895293907,0.0907094600503196,0.040141249468376175,0.06364147433480065,0.23245305498722596,0.028927293173446535,1.0,0.10211408532971816,0.20438652231800403,0.09366736827551715,0.1424976647339117,0.022138180942445032,0.0,0.0,0.0,0.051274127837806514,0.016075762333510484,0.0,0.03150852677169595,0.0,0.0,0.0,0.0,0.037645015225400744,0.036095536566204,0.0,0.0,0.0,0.0,0.04702917188209784,0.0449233346992673,0.0,0.0,0.0,0.03590788719409756,0.0,0.0,0.0,0.0,0.06995118378814462,0.37923859695246087,0.04053480991685611,0.0487505972706782,0.0,0.0892056220210386,0.47751435231432326,0.020518952844179098,0.0,0.05212237076407926
642.4048776,139.6014803,67,Mayo,1.5462844371795654,9.999000030802563e-05,0.0017027958103303178,117,Mayo,0.02,1117.42,158.0,1.2279439002275467,0.7998069414590981,0.014867230131445874,0.48360559788925855,0.3050259885264277,0.13649994220143813,0.007144930100004731,0.021076064575958127,0.2550987499978596,0.2716701064693487,0.06863552266466137,0.11837678946968967,0.054388409098055555,0.0,0.3189655710484686,0.11190695355387867,0.054841827215819546,0.002516346769327914,0.0903654451869452,0.0,0.0,0.0,0.00737173651395648,0.035795702357341155,0.00747663843132304,0.005190162071330664,0.21307378309172031,0.019332253000817295,0.15082869193156723,0.5581017449168313,0.04232470039130978,0.010636523810618607,0.06520788728172731,0.02464449910334138,0.0,0.020868714832811754,0.06421955125425957,0.057036459684204635,0.031180940849614647,0.1506988661781337,0.015480254614161406,0.09099245434808373,0.08229788091120185,0.21735465568933007,0.010792037897227276,0.07453823797384665,0.052173548120154276,0.3045256170630207,0.12379103470003507,0.04540379429397288,0.21185071864335758,0.05096309067535626,0.0,0.1285853849935042,1.0,0.0396052028223635
614.5558018,21.82005146,68,Mayo,1.5454649925231934,9.999000030802563e-05,0.0017027958103303178,137,Mayo,0.02,2030.98,98.0,0.9843934786319732,1.0520730651447543,0.0,0.09070369001329229,0.32723511197650207,0.0724512689739934,0.17224798853847334,0.12466016546262616,0.35124759563336994,0.06083499688360562,0.11923744709533508,0.33880797078174724,0.08175378481766218,1.0,0.1466678740369883,0.22085135437064918,0.09250228505338834,0.04255412243916781,0.030924731815159662,0.0,0.0,0.0,0.06376681849865644,0.0,0.0,0.06008284780249096,0.0,0.0,0.0,0.0,0.07220336935581737,0.06811066534191672,0.0,0.0,0.0,0.0,0.06124392873460782,0.06567331791997409,0.0,0.0,0.0,0.0,0.0,0.0,0.0,0.0,0.08119790560788756,0.12915847856256468,0.060799071850819494,0.053715769055522215,0.0,0.08797828326539323,0.4988118464350644,0.054623647379870556,0.0,0.06845825874229178
353.2005676,143.3358606,69,Norway,1.545217752456665,0.017098290845751762,0.10924965168374616,121,Norway,0.02,1311.9,137.5,1.0633630591630936,0.8506465311314491,0.05572932609446411,0.022222338848244573,0.02342120299759968,0.0,0.032254051180838954,0.041997657163350396,0.028028172959524547,0.033045544346095176,0.041657793025053264,0.016977861037659633,0.03797868218341645,0.10443239625718448,0.021590249743041304,0.031489823925977364,0.019094435380743374,0.03178461190383644,0.004913137037527157,0.16756332166672422,0.28373122016235974,0.08062203642393082,0.02515081276451183,0.050446519073150814,0.07761558033027119,0.03478751493765708,0.03825261747134608,0.18724404969942532,0.010807323207192842,0.06963344231723606,0.014397322515484432,0.020526381038031987,0.06073902918029226,0.04560137260082041,1.0,0.12981620024335616,0.00018150337400569646,0.032254051180838954,0.061065513566175504,0.06081894103231339,0.12462869278212295,0.02611935508437931,0.059242181654889814,0.1630953898301147,0.08311101414225061,0.04359351529060535,0.03082581637829723,0.028761768487107976,0.022499287993156297,0.03562627719504859,0.051860126444418266,0.039280180438540015,0.05957234901287831,0.04814344909235176,0.09652447823793675,0.031324110462133764
92.91155647,22.02680854,70,Mayo,1.5423855781555176,9.999000030802563e-05,0.0017027958103303178,124,Mayo,0.02,1436.56,78.5,1.0936259704828262,0.9312202278880045,0.20749203233959018,0.36856943028813816,0.24161967551900257,0.1857295750958352,0.3258169695175864,0.6263222653813888,0.3826335260778941,0.2802105481037718,0.23719759198914933,0.2765523316112663,0.38538229152916914,1.0,0.2600196377487617,0.27518135714568237,0.30577113634425795,0.17520306997730917,0.20076340087305714,0.008927076130241709,0.009768722243371096,0.0006384999837913281,0.20303270931157458,0.17881014964899333,0.0002285754017914824,0.21745851681987413,0.1323244746676463,0.006263242672083454,0.14902303413952075,0.15963269415657702,0.25943037379068057,0.2364968434712571,0.0015984999793330391,0.19447637399972434,0.010355580068686922,0.018172811749902377,0.14420546192843586,0.1682621232172568,0.00038133733617994525,0.004780420109368499,0.010194040188271896,0.3073815657994489,0.14360600403582818,0.0032012139341809865,0.00042878635624796153,0.1028880823804146,0.34887582360986646,0.3034501399862864,0.226320344928928,0.16541819144658695,0.0,0.28293842700627525,0.5073162588510772,0.2567054468849258,0.01411187062143809,0.17928466512988364
506.6264218,22.27256754,71,Mayo,1.542121410369873,9.999000030802563e-05,0.0017027958103303178,39,Mayo,0.12,1231.3,80.5,1.1343033200502395,0.8871128576644507,0.147719230754561,0.26090638453289566,0.22175356771735852,0.16082336246523932,0.3100971357962285,0.5749907191045192,0.40949186090246176,0.21713342931395638,0.22481839503670817,0.21601656698694735,0.2622177112108065,1.0,0.24462624328213442,0.2011888836793081,0.243650615568177,0.195504379326433,0.1838165590854132,0.0,0.0,0.0,0.22063263602012326,0.03835094820550775,0.0,0.219898475016127,0.0,0.0,0.008919300474065492,0.0,0.33798099043639307,0.24601357797043957,0.0,0.0,0.0,0.0,0.17119987476246984,0.04835851764298713,0.0,0.0,0.0,0.20555637465283486,0.0,0.0,0.0,0.0,0.3721459483824766,0.27931398137406505,0.24108213054868605,0.15776817401226403,0.0,0.3511549026457267,0.5693973032261531,0.23128372558782345,0.0,0.23458303821713064
388.9586552,31.92512043,72,Mayo,1.541049838066101,9.999000030802563e-05,0.0017027958103303178,764,Mayo,0.0,1592.56,115.5,1.052907279729843,0.9562726338233296,0.21424287489056915,0.05880266871111555,0.0,0.08135139577902128,0.02086216005061103,0.2183839319152679,0.0753329414299081,0.03537187783185352,0.0,0.023298603936294987,0.02178215509531397,1.0,0.016339547732763388,0.19093724288259153,0.1096512763702708,0.2072314962189048,0.010529690391175598,0.0,0.0,0.02776422392820139,0.0978790245173329,0.1091876706507298,0.0,0.11941246131844195,0.21718553342512348,0.0,0.14232464349113166,0.14166826078449613,0.23457096401969782,0.06931990042183024,0.0,0.06733402121186367,0.0,0.0,0.08398596618145099,0.13752609333730506,0.0,0.0,0.0,0.03173681578100676,0.09959197700172445,0.0,0.0,0.014758004246809677,0.27797560650231334,0.04891173718296601,0.1383716463404164,0.04891173718296601,0.023082331243796574,0.12226483027929488,0.310843798423228,0.1359770530540941,0.0,0.05378603292687205
212.8398816,22.61703788,73,Mayo,1.5344414710998535,9.999000030802563e-05,0.0017027958103303178,132,Mayo,0.02,1613.46,83.0,1.0649896174669267,0.9689440334098789,0.2577169795668,0.28505878260990614,0.2249731039744313,0.15569542985437584,0.2899422426584672,0.6106730716036778,0.31766833407316497,0.26181536404882605,0.20576611653935045,0.22818675906867714,0.3366632294678489,1.0,0.29481672477723975,0.2693261881580754,0.2899422426584672,0.1357585274621725,0.17830298265289016,0.0027076950183969216,0.021157034100153658,0.002982294311272713,0.17979381656920707,0.16809145648981813,0.0019450558336823025,0.1762422826164639,0.008527212152849045,0.0013305522433585944,0.08607339461491481,0.012731604506568612,0.29797396543392907,0.15685594873103703,0.0019504908330877026,0.09435716659329006,0.00204741794541175,0.00087942490774094,0.15168353674157092,0.16552558036215764,0.0,0.0013694113303895424,0.0005686340400235296,0.16937164964336474,0.03932793655567747,0.0010857127120414924,0.0008163189923843059,0.0009408485519404706,0.31766833407316497,0.3342855659805764,0.20745199092431882,0.16442158181157707,0.0014991386069314354,0.2590134648543999,0.4874590734016319,0.28832506529574453,0.0021391000292897695,0.1699470037847984
310.6857341,141.0409633,74,Mayo,1.5343050956726074,9.999000030802563e-05,0.0017027958103303178,355,Mayo,0.0,1106.38,149.5,1.2075112944841384,0.7931085477084981,0.0,0.3109489900328289,0.3426300862572704,0.2205590596756502,0.08281818462841178,0.1933643668660242,0.34570745503047107,0.2706811519839903,0.1166994477790818,0.2014623093373193,0.057908738116097674,0.0,0.41305557166709583,0.2060591498984087,0.11921283793511789,0.0,0.059281581844644354,0.0,0.0,0.0,0.021251453685126438,0.04569342148708708,0.0,0.0,0.21400943628486338,0.0,0.06438089862908054,0.18851925666723457,0.16127567065951598,0.3018892324271572,0.3286764897916333,0.16218898487767439,0.0,0.0,0.1238174028074441,0.0408863956935385,0.13051460090517045,0.21489293522597303,0.0,0.10680497344632281,0.09127241191139872,0.24108718051053898,0.21196527865259504,0.1264097960873983,0.15090724217501184,0.31487518889321914,0.13175042019561317,0.18935777485116367,0.2939120197142331,0.03783977468928537,0.0,0.11655248881265402,1.0,0.1432102383767051
328.756732,22.67767779,75,Mayo,1.5334863662719727,9.999000030802563e-05,0.0017027958103303178,44,Mayo,0.1,1205.64,87.5,1.1377673429250716,0.8784928660680347,0.22512834845493992,0.2428119345170674,0.17522427305665303,0.06604560330310211,0.29803858404106315,0.5697770964300907,0.3618159281437944,0.20907440774858502,0.21759576608211767,0.2052212079760566,0.25784966123564707,1.0,0.3170909579438475,0.22239421692210395,0.24986405393137878,0.18776668322323942,0.21759576608211767,0.00254150132878939,0.007914369552011715,0.0004958946950518668,0.20199549973357891,0.21496265682474297,0.0002669465336803381,0.2065606837551052,0.00019230214088355823,0.0015163016320542864,0.0182610249202691,0.013469771504754067,0.3815622846319557,0.1834311178375914,0.00046115368155435127,0.03678558691072863,0.005043888024538683,0.0005352450641164828,0.07666996696686958,0.0642529375107454,0.00012274179263214608,0.00027006703778643167,0.0005220828111441759,0.26630663801368554,0.008251735176436594,0.0011832543500024458,0.0002566124818654097,0.00011325607715453042,0.3501972534171552,0.3501972534171552,0.2850028434967419,0.16242422678461857,0.0,0.34405165153017714,0.5862472306876855,0.33466182717862525,0.00027943401220079594,0.2539295621511018
337.2054437,151.3662942,76,Norway,1.5320162773132324,0.008799119852483273,0.06435607404391315,129,Norway,0.02,1569.3,140.0,1.0225593572854996,0.9091881502657572,0.04084467102584845,0.0,0.0402487407336395,0.009805518849757564,0.020951428273781915,0.037277638248271405,0.028962037387817344,0.028850840796496247,0.022235663882147563,0.006082368179071578,0.03851560637738525,0.10082036522592809,0.018973671486037503,0.027815911139402513,0.014836932535102253,0.024601361748395025,0.013109716155716673,0.15062183040677413,0.36868197262818986,0.08220372156743865,0.029614637037068323,0.06558841103994398,0.0861715714178906,0.023854745329448254,0.04897002838049371,0.16162755909628587,0.04594950444730118,0.057234854197451016,0.059477760873216545,0.02015881260402916,0.09858896842140992,0.044665691250635714,1.0,0.1010618154798861,0.010406868591265581,0.026851005753640498,0.1071056260222992,0.12035593416295756,0.13549957440976212,0.01283832706470355,0.04822078707933374,0.1946483824623639,0.10421341322871251,0.04498647165827779,0.023854745329448254,0.04229165331787377,0.022976019612262585,0.02575984705451361,0.05269435975679086,0.037126601266814045,0.05516153116329805,0.03537487666254069,0.08069736640306059,0.010718770422941445
275.1685808,135.4047546,77,Norway,1.5308504104614258,0.054194580763578415,0.2543000818316657,118,Norway,0.02,1136.52,156.0,1.0842727172374724,0.7891746362795345,0.020269972351773146,0.012320779103929863,0.009395406272038862,0.02472372872991819,0.005523930476339904,0.005608605241749285,0.001448172407253522,0.004233615975690038,0.0026206275411432387,0.009811640821535074,0.001749780232213359,0.03886800414820262,0.004523248007513723,0.014114481364878684,0.015217779060646268,0.0026069845562158604,0.09884643997060306,0.014065934332632203,0.014065934332632203,0.005536923612755053,0.0005242163940501138,0.002147680545380285,0.004547093213094747,0.0,0.005390354692676034,0.01093071251312583,0.0,0.016857540741171177,0.02137769759973093,0.002441209184283255,0.008594309895855313,0.019202462609594663,1.0,0.0,0.005967447899755055,0.011263686042285982,0.04665056403458655,0.00852089204509049,0.008201263013224809,0.02510252724382062,0.007035239229726181,0.008217509364235202,0.009756711233198337,0.02209805428449075,0.0,0.007916972823686964,0.0043896701978086,0.003387702343025104,0.03933744756867417,0.00816791534678618,0.016447213189199242,0.02133322863650933,0.018617558345933136,0.006811721412517928
280.8268093,22.70581706,78,Mayo,1.5276273488998413,0.004699530079960823,0.039389804778649735,73,Mayo,0.06,1765.46,124.0,1.0170282238721848,1.0069787905361307,0.18636791941792663,0.1761060531060893,0.12721303933946818,0.07166567433731441,0.14689407788546824,0.46497901770587957,0.11309078534882205,0.12083807577977024,0.05388526238187008,0.10400003975133408,0.16759848576098066,1.0,0.10400003975133408,0.17901960609737447,0.1576969879050738,0.05622959468153809,0.047232661680434815,0.04360595284042432,0.029046617041872762,0.022558430892502538,0.058008563981675365,0.055194302280474554,0.004490423753399439,0.06135197406542318,0.06564790124041023,0.0018929393972886594,0.07261605122665503,0.05351839440095149,0.06038501959141544,0.043283007737541845,0.0007872616269476161,0.0033286706426238198,0.003050158513625318,0.0081071214788831,0.026559938072591473,0.046508998089414354,0.0019386458488414324,0.003107351439747653,0.002852411158449732,0.056757047743466744,0.0,0.004814236849698385,0.0013510569699521208,0.0005321772672495586,0.23799865989801922,0.2028381079741206,0.14054311831124577,0.05508686760437384,0.0006597215415641831,0.20726074630146107,0.15098644406261452,0.11553983142203605,0.0032034279809159184,0.06333542995252549
306.6829874,129.4033146,79,Mayo,1.5261681079864502,9.999000030802563e-05,0.0017027958103303178,122,Mayo,0.02,1393.74,197.0,1.1572181475162506,0.8776502071882907,0.07297622016834426,0.4090627430685705,0.23965479448740235,0.06099726130251508,0.003262354518208548,0.10030873586621655,0.16919628053620903,0.24326578451919229,0.06469301921516425,0.13654794741190368,0.07544338190195138,0.0,0.2740170687730868,0.1743724769340568,0.1362896812873007,0.00962155251530409,0.08603711660077099,0.0,0.0,0.0,0.030480331042490934,0.03783490037782671,0.023016946918244616,0.021993423435389736,0.22761538877186221,0.0,0.15435717601785462,0.6652247174574979,0.043867456499686944,0.07516587033457195,0.051422369163831784,0.06901001599247551,0.0,0.0,0.07187125926067234,0.15826478226231663,0.14422159726677541,0.12544398564471862,0.0,0.11873536204475567,0.0598045561075886,0.25681090094513065,0.20236702963416459,0.10910374687578146,0.05504744409276267,0.09844742477477375,0.059304790893594216,0.0448398374664514,0.17218796359595434,0.01856339124366108,0.0,0.08355300025565375,1.0,0.03550538081602565
560.5913187,22.37997609,80,Mayo,1.525735855102539,9.999000030802563e-05,0.0017027958103303178,130,Mayo,0.02,1598.62,86.0,1.0621977147459984,0.9597982060946183,0.08550875079341973,0.22848036320259174,0.19445136420726272,0.14741583225965818,0.29375924390919606,0.5760558769545161,0.33765270537401404,0.23174649185585824,0.18416595406703604,0.1902712112377831,0.23174649185585824,1.0,0.2882011056949481,0.15334081559851157,0.27004161016804284,0.14014854009960703,0.041413117693303546,0.0,0.0,0.0,0.16454853743250114,0.06175289100151527,0.0,0.15145553487430885,0.0,0.0,0.005983380777437193,0.0,0.26419718460091746,0.20952328506741566,0.0,0.0027639459446548837,0.0,0.0,0.15081997457376825,0.16313437289100563,0.0,0.0,0.0,0.1771750810035467,0.0020215923172028894,0.0,0.0,0.0,0.3143155589603466,0.34320280001390824,0.22074448386267626,0.13821834143335074,0.0,0.26620905974072434,0.5081485708933593,0.18961988324218462,0.0,0.21952616932725308
94.94212035,22.05030283,81,Mayo,1.5245881080627441,9.999000030802563e-05,0.0017027958103303178,93,Mayo,0.04,1387.28,86.5,1.0941114032268524,0.9115467970868262,0.2218779360652442,0.3903780534620603,0.27056922152501134,0.19325064198281758,0.34574386691079,0.65417068666453,0.3895400749620488,0.3040459337437196,0.2636397473483378,0.3040459337437196,0.3949510554324761,1.0,0.32786051091333196,0.2835558216283304,0.30611206520899237,0.1659594549847286,0.2038251593407726,0.01600363058056525,0.016842695400367088,0.07511634612502165,0.23933370906961204,0.17122848294683424,0.024116440733842646,0.23826757789719727,0.12823892232355416,0.04665773039705395,0.16889726954136933,0.2142172583483693,0.28191634134430665,0.25662265929046574,0.004132862597842729,0.16256607234998008,0.016797475619545213,0.02000036624192652,0.15743353144406322,0.1784951957341168,0.0043341218850871605,0.010251117945696782,0.016876536987867133,0.21223956030406865,0.1115969891529374,0.00928691836707198,0.0013516729830276963,0.06763296028152334,0.392920516372721,0.36597146549158177,0.22374379778141104,0.18725376896187482,0.0,0.33072920266656364,0.5438922520344579,0.2761252639685384,0.02036065006750544,0.1758916575575948
104.9538672,22.01669987,82,Mayo,1.5200178623199463,9.999000030802563e-05,0.0017027958103303178,136,Mayo,0.02,1857.86,130.0,0.9924368730187416,1.0098976228650811,0.20606925074017896,0.1469363883616143,0.08073553161455772,0.07233912437704865,0.09197378617840449,0.49527788639576137,0.18626219693772633,0.11281631815743953,0.07376949438569597,0.07712066773734218,0.11552604722245917,1.0,0.07653549192153361,0.18728443271475853,0.11436526505450421,0.14626685241590023,0.055353007031579374,0.0631673317852334,0.06431799622059457,0.04043755511580861,0.06690865846345222,0.06591642144691033,0.015021265557507756,0.07740055098583,0.07889666999460143,0.055353007031579374,0.10626692412427159,0.046447735177111545,0.21798193404186844,0.057031922006310895,0.005772182698035367,0.024436790775514267,0.07406731211348641,0.03897825785799138,0.037517587428179226,0.07681983831756553,0.018421889861004202,0.0,0.05683432729868702,0.05268351131820803,0.037517587428179226,0.04589428913033496,0.03813586046486155,0.02270918984304096,0.1886882586311243,0.14337168269867648,0.14114160767855083,0.049147799077950166,0.019507664128591104,0.15449610705336833,0.3181402930162636,0.18977032073195943,0.021916543897547595,0.07281957965477016
643.4079621,144.7281856,83,Mayo,1.5190157890319824,9.999000030802563e-05,0.0017027958103303178,356,Mayo,0.0,1106.82,185.0,1.186788594722748,0.7613762319994967,0.013747663701609339,0.291994223747083,0.21284266758628442,0.1120046593110394,0.022043620951629494,0.035058427454729424,0.3461842862770422,0.25268016504335417,0.1153460300548089,0.13635637587025182,0.028057304261673195,0.0,0.2779720681057622,0.12050859750323141,0.1471510020998846,0.010542709746672423,0.05189168986169625,0.0,0.0,0.027255213863216946,0.03004429769333488,0.09121072169957357,0.014467286442031114,0.002436662160717082,0.22528741131043048,0.08849058849587083,0.32353262801723304,0.5053812270811169,0.021207393304465368,0.006667065090110059,0.05343130015640904,0.04133125461566898,0.0,0.0,0.062451874619166604,0.08859150788537733,0.2379595784398904,0.09605225079634035,0.03033766427480166,0.11959306541415263,0.02186539814423049,0.11328136930770123,0.01906191284850288,0.06798504684684198,0.028882711637263126,0.31057191740746126,0.13180319661563863,0.04362025948724767,0.24905546050853927,0.018827485741888257,0.0,0.03136454214645325,1.0,0.0926183362303869
680.5024312,22.30245525,84,Mayo,1.5181365013122559,9.999000030802563e-05,0.0017027958103303178,116,Mayo,0.02,1083.78,116.5,1.1436846947669983,0.829613313632069,0.022291257148018745,0.06525733305832065,0.17340110962616562,0.17120599082780685,0.29257385542316144,0.5469357570833909,0.16189397443244397,0.24745613499886018,0.07832141817048965,0.054302830289332915,0.2253612545711724,1.0,0.09933576176308304,0.18434217973794614,0.2542283297511873,0.05671828313146999,0.037069513625657906,0.0,0.0,0.0,0.08667716782292571,0.03040689875490268,0.0,0.04777996242110674,0.0,0.0,0.0,0.0,0.22411081653698434,0.060928526404570305,0.0,0.0,0.0,0.0,0.04235810900209509,0.040741181579538585,0.0,0.0,0.0,0.19365294383624446,0.0,0.0,0.0,0.0,0.3700365277405844,0.4029368351466319,0.06063075883481222,0.03465858897707051,0.0,0.32688929224536795,0.5417663329659608,0.04304134631669768,0.0,0.06664121737729393
504.6297221,22.18699062,85,Mayo,1.5171782970428467,9.999000030802563e-05,0.0017027958103303178,69,Mayo,0.06,1474.86,95.5,1.0830323442816734,0.9323705666120771,0.11421426140239602,0.22491701221564825,0.20144059555713195,0.15480564402480776,0.312837772163826,0.5577607615330323,0.36210555043242965,0.25942929459792796,0.22131594802867163,0.20219728575128523,0.2677284948640302,1.0,0.3060950590625724,0.18254468630889217,0.32931539684700195,0.1703304765459768,0.19288865587165116,0.0,0.0,0.0,0.20373535324811498,0.1543172205302326,0.0,0.18443127746014829,0.0,0.0,0.04469468954160539,0.0,0.3311249790845206,0.24459827193281378,0.0,0.004043413759737439,0.0,0.0,0.16489822153401995,0.19288865587165116,0.0,0.0,0.0,0.18792959366082274,0.0038248736037272096,0.0,0.0,0.0,0.37720168482809535,0.3994695586948546,0.24377615416489007,0.16118957808602835,0.0,0.3240258520698553,0.5670380960132967,0.2877736425446174,0.0,0.23445152307111355
381.0761242,19.82950158,86,Norway,1.5166923999786377,9.999000030802563e-05,0.0017027958103303178,282,Norway,0.0,971.0,240.0,1.1363838028907776,0.6720202640096504,0.01712803335988877,0.0019652442579190326,0.0,0.008503548253214999,0.0026115289745473067,0.026035785623075434,0.0,0.047577701863320034,0.008592673929110008,0.0004485883010926802,0.0009023559297900448,0.0,0.009146967567110992,0.0027330139013624958,0.03388599527473602,0.20271713347481193,0.412058566003867,0.0,0.0,0.08479853436859536,0.01982870636319298,0.05969166926438309,0.0043147167268939805,0.10599670103151537,0.25534645174182957,0.0,0.23195705893117233,0.49873364136145226,0.04973825031209698,0.2475438701534874,0.055427719495217444,0.045844489938157075,0.013444964821433975,0.0,0.028000416034674257,0.02566168820857184,0.2461410336914862,1.0,0.19066726260814043,0.28182365436103607,0.06291044410559839,0.0,0.003995091996177997,0.03984030571901414,0.005806456538358447,0.028434129277521418,0.015337672393458766,0.02645010952828996,0.03633607617145973,0.020159792464158405,0.015663941871021693,0.020744588678550363,0.003958263850363753,0.04516812214481324
442.67658,22.37715155,87,Mayo,1.5141751766204834,9.999000030802563e-05,0.0017027958103303178,70,Mayo,0.06,1596.12,92.0,1.0665327566862106,0.9594545635003067,0.18192499533301393,0.24172060103481097,0.2052754927665111,0.15038749375255359,0.30210411187597697,0.559935024716635,0.38615075287576517,0.244865233688087,0.22114903349163614,0.19275255097046853,0.27976239051208596,1.0,0.2968637091527729,0.21722634802771093,0.3322147349721233,0.1861351876925878,0.21073785186304655,0.0,0.0,0.0,0.19099722831568158,0.17746609751657758,0.0,0.2016381640790572,0.0,0.0,0.06298429245592721,0.051690325487871766,0.37016207562119113,0.2479129471773585,0.0,0.025060661870178857,0.0,0.0,0.18777453949762563,0.20322937030534374,0.0,0.0,0.0,0.21411766822629877,0.021694617082629868,0.0,0.0,0.0,0.3552489628788705,0.39276647860294106,0.30064808243503544,0.16475417288254474,0.0,0.31059429075837114,0.5874179555583435,0.2943262582772186,0.0,0.26384055164709475
292.6293797,100.1311821,88,Mayo,1.5117149353027344,9.999000030802563e-05,0.0017027958103303178,40,Mayo,0.12,1529.86,97.5,1.1553953182697296,0.911651207292345,0.08452742527247638,0.2220360704527415,0.05792435794266698,0.12210690266714341,0.04074182583609176,0.0,0.0,0.08132318246110938,0.16702049996373874,0.07961435206588144,0.17140826585670516,0.0,0.15363813204196688,0.0,0.29414347637233057,0.013160724402561469,0.0678107669906114,0.0,0.0,0.0,0.08670272415417862,0.051588199461360285,0.0,0.027467234802687233,0.0,0.0,0.20147667457205987,0.0,0.09621583010751404,0.03295416635509664,0.0,0.14992955596544802,0.0,0.0,0.21807178194807114,0.0,0.017891127920122048,0.0,0.0,0.07104409315734936,0.1251899987271275,0.0,0.0,0.0,0.3945373331438161,0.06227772583103688,0.0,0.0,1.0,0.06911372722073866,0.07691945265337403,0.05441914261787472,0.0,0.2189925204409979
556.5972365,22.32508162,89,Mayo,1.5096242427825928,9.999000030802563e-05,0.0017027958103303178,371,Mayo,0.0,1141.68,96.5,1.1239011597633362,0.8439179647649714,0.021527004429276762,0.27976730193711274,0.2080524967152866,0.19799984759726874,0.30326129444661465,0.5516501703238905,0.3831273732548664,0.26111345356363086,0.25236993114597306,0.22656923934464185,0.28137695751837816,1.0,0.30529308079898354,0.15655231956075752,0.3058835295746357,0.03975343335802417,0.14744998722193595,0.0,0.0,0.0,0.20949825379918455,0.14879105912126184,0.0,0.04503093214692638,0.0,0.0,0.0,0.0,0.06652238861028803,0.21310801608663374,0.0,0.0,0.0,0.0,0.036045324135353864,0.039594916943318834,0.0,0.0,0.0,0.16040646649666068,0.0,0.0,0.0,0.0,0.32570297099048456,0.3660750466803054,0.06386269845789132,0.04137909427435401,0.0,0.2098874573306943,0.48467202998000314,0.17369052195205664,0.0,0.2135926432370472
802.4118575,22.38206898,90,Mayo,1.5055925846099854,9.999000030802563e-05,0.0017027958103303178,1267,Mayo,0.0,2025.4,105.5,0.9624945670366287,1.0322787522560022,0.0,0.1681299045276172,0.03464001374931072,0.02759685981686855,0.23051239300660134,0.36074336546267083,0.27862061682501155,0.17403245708684711,0.04566989348831579,0.14929937263605303,0.10793278904180266,1.0,0.21173954612103754,0.008947345758583596,0.21583052224300067,0.038095346153708624,0.01832662593422056,0.0,0.0,0.0,0.024768244254991884,0.014088418850829213,0.0,0.01848213958527888,0.0,0.0,0.0,0.0,0.08729317671100059,0.03517331741531513,0.0,0.0,0.0,0.015082107768009344,0.02092130270649999,0.0254386751190146,0.0,0.0,0.0,0.023803333578392028,0.0,0.0,0.0,0.0,0.054609223000348,0.30358676091267894,0.028758920168982283,0.07716732055844233,0.0,0.037841741409276514,0.35179791071297106,0.0,0.0,0.03773826623723297
94.90809456,21.97986136,91,Mayo,1.5025949478149414,9.999000030802563e-05,0.0017027958103303178,119,Mayo,0.02,1144.18,115.0,1.128444522023201,0.8348743991585137,0.16181016615339877,0.3600678177221731,0.24177760024364892,0.19219426494776357,0.3220267753642375,0.5905838886467609,0.36901079991297897,0.2865990393326867,0.2545739311276021,0.2732062326592014,0.3709122414771118,1.0,0.29055906244440405,0.2668154568871463,0.3048866032930405,0.15156454918333365,0.1999843458050261,0.01204325538564246,0.015715018734105423,0.10070165251663786,0.21610562351683293,0.17061059618008337,0.015626911403897197,0.20213950600024216,0.1342604675867979,0.009891685425514687,0.2732062326592014,0.2081531927078916,0.23703250383859997,0.25888034953428124,0.37188517787128406,0.1370946528742594,0.014897199639452775,0.030465233686584988,0.22760016366203337,0.18627733124433926,0.003180676150075342,0.02941916816887003,0.02417708512806782,0.17017945525309855,0.2225852225462063,0.025639561894657676,0.0,0.0026414537620420243,0.3313473154967657,0.33041004811080105,0.245234132876434,0.16583553825051237,0.001289776040645723,0.2753094780595089,0.49550632833694774,0.2334238711331972,0.0016661870343535141,0.16129504266698114
431.2205966,138.5233187,92,Norway,1.5011175870895386,0.001099889981560409,0.011995815022771463,240,Norway,0.0,836.06,213.5,1.2040957939624786,0.6306769360431322,0.036377528165481135,0.14339457029318792,0.0,0.0072963163666396325,0.11980950027760966,0.0,0.08894508834588107,0.0,0.004722891903971879,0.0,0.008324556591899356,0.0,0.0065749629599117865,0.017411718621031132,0.05886643005321097,0.11512649383020127,0.07962933627665086,0.0,0.0,0.0,0.020443866869686075,0.023835908101142188,0.0828157067718291,0.040348391452592475,0.04010489892780415,0.0,0.003111342129740781,0.0,0.07398282022242479,0.013703365278141949,0.07676373721451911,0.0711958473101437,0.0,0.2635758271050863,0.5127980331512271,0.03145030343578237,0.030598614242742697,1.0,0.031517069789565595,0.04782213705605272,0.13998798429987724,0.05399128276685574,0.06389765525245823,0.0,0.0,0.056867335875894556,0.1220359303539698,0.028136789331262773,0.014314130976562893,0.015182373577907922,0.0,0.023723760272727268,0.1072410737534879,0.03381773247262478
286.8617428,23.17923321,93,Mayo,1.4992001056671143,0.012598739936947823,0.08553097264627246,142,Mayo,0.02,2142.94,137.5,0.9290964430570603,1.0719185187338311,0.18946198509112464,0.11023220125166408,0.07843103999456362,0.04696468059612102,0.10568662800512847,0.35828700867111496,0.18573084105650206,0.08344688941092629,0.04980667217294558,0.046226096041086795,0.08001726600704549,1.0,0.12526420493344181,0.17712343833754118,0.0798327848405291,0.03156115699177916,0.056813437416989965,0.0028771348502542563,0.059902226907709584,0.006285031419517949,0.05446632093999995,0.04757206884900428,0.021026192021724236,0.029103337210494677,0.0027545818917484384,0.012801431846981534,0.0,0.0031496568098969054,0.14308639533139675,0.07953618237385382,0.0014058014387906327,0.004258853710917152,0.018847943559487018,0.006362814830219981,0.03894342227519265,0.034479907647240945,0.0016439780614512798,0.001857524449906143,0.0033283437933722343,0.1785783854186822,0.002185478398933038,0.008589225163605012,0.013012803038181158,0.010254121339926092,0.17037022079545744,0.1698280711675664,0.09723400502293021,0.02790104323918424,0.0027015579446469707,0.15842724780301354,0.18021541388445458,0.11304935115434382,0.003871321150882798,0.06688476834998225
444.6739084,22.53122336,94,Mayo,1.4988811016082764,9.999000030802563e-05,0.0017027958103303178,94,Mayo,0.04,1600.8,101.5,1.0566141587495803,0.9526683864293907,0.18596274639630384,0.2271587193755339,0.199421823209996,0.15380067401200687,0.3085014883284852,0.5971270539147091,0.37929287880528323,0.2524157000212157,0.2236114837872377,0.1928749643298786,0.2731783725619784,1.0,0.3260388141570345,0.2355647095380668,0.3370508033391971,0.1978596346121331,0.196019269493106,0.0,0.0,0.0,0.19094450481437675,0.18040327899211858,0.0,0.20151910568503653,0.0,0.0,0.015898954214465345,0.030323910988022097,0.3751303214895176,0.2584960599304472,0.0,0.015113324912703008,0.0,0.0,0.1928749643298786,0.2097550381820192,0.0,0.0,0.0,0.23674769898996434,0.01802792720834827,0.0,0.0,0.0,0.35177686857794743,0.3714887116999655,0.28457939444267566,0.16062601725976725,0.0,0.34616924399587035,0.5971270539147091,0.29594612967266964,0.0,0.25403702761913094
682.5002724,22.08067952,95,Mayo,1.498504877090454,9.999000030802563e-05,0.0017027958103303178,833,Mayo,0.0,1656.94,106.0,1.0277786761522294,0.9558992836687554,0.020778335561504793,0.06759444107039143,0.19770015188312373,0.1856335967537238,0.26395709678114276,0.442522147701753,0.3232843300108961,0.2443738282214098,0.26810373292908296,0.1853525178335123,0.21059391902179447,1.0,0.30768194725837,0.16909178469775196,0.2907321915397935,0.03195734748899799,0.02825842450885862,0.0,0.0,0.0,0.05647930559591581,0.027509385516423897,0.0,0.06038086190394589,0.0,0.0,0.0,0.0,0.04565709173881974,0.05762887229591448,0.0,0.0,0.0,0.0,0.022400974137297486,0.050713746023654145,0.0,0.0,0.0,0.048202522599985205,0.0,0.0,0.0,0.0,0.0853494801029934,0.3641762170840001,0.056263149658680754,0.02606560273044937,0.0,0.07826802458077599,0.4180922602320929,0.05788086611267951,0.0,0.0664384374078027
266.9629318,32.84432212,96,Mayo,1.4955439567565918,0.08419158309698105,0.3409228941730648,80,Mayo,0.06,2310.58,156.5,0.8858176589012146,1.1038625620556903,0.0823896991136001,0.03789402742191793,0.012675130159002679,0.010819764051565678,0.032860258255887904,0.27707854094749407,0.07065793192220622,0.03051239101791344,0.018877391789805742,0.023545343468473614,0.04436721369450984,1.0,0.12620427018394756,0.14227796232169568,0.04326168143347142,0.07738195530328039,0.01574515239229139,0.012052359277181221,0.015248572183017794,0.031308390095160496,0.04399611386314167,0.017619884296266194,0.011812941740978094,0.03997527085034477,0.0901095387403085,0.0023142287118781933,0.048341724028589966,0.07444416341208386,0.14607958579871438,0.12286060146702735,0.0,0.020986905089857052,0.035397126373320945,0.014641054839627262,0.021292499788325675,0.03239486572819251,0.03399036473171229,0.013291513124464584,0.07052883291944723,0.018916234251223924,0.06812556551338644,0.007413852806547935,0.06981996847822113,0.028985466142625687,0.05859011506665999,0.029464979174008747,0.03408591995934204,0.021977394891544818,0.02403435783403989,0.03732767835793434,0.14410032697195344,0.04596585772540074,0.08882313665352155,0.015066746848517412
564.584987,22.36029452,97,Mayo,1.4920949935913086,9.999000030802563e-05,0.0017027958103303178,740,Mayo,0.0,1573.26,107.0,1.0478895854949952,0.9372665472743206,0.0779138404666566,0.23801366410870936,0.19232363762892818,0.1604615987862597,0.3079601960142921,0.5590211566745518,0.3643951976986662,0.2244254789686674,0.19114229419755324,0.2028052884737069,0.2581339690236346,1.0,0.28883391309303574,0.16866675943517467,0.2921371834460362,0.11012041799021885,0.2072830868589586,0.0,0.0,0.0,0.17943576419276397,0.030545904002512492,0.0,0.16866675943517467,0.0,0.0,0.004963117174821887,0.0,0.2535107336037093,0.21067527460316648,0.0,0.0029693028008596543,0.0,0.0,0.03169999390864782,0.1386115493730355,0.0,0.0,0.0,0.171987461696479,0.0,0.0,0.0,0.0,0.22591865847053794,0.3643951976986662,0.2435459634365036,0.15702797981943178,0.0,0.26096351595702594,0.5327546054663597,0.21261403690273276,0.0,0.05104979663046597
384.7181078,22.54075087,98,Mayo,1.491592288017273,9.999000030802563e-05,0.0017027958103303178,53,Mayo,0.08,1403.66,112.0,1.0884798657894135,0.9074815491284078,0.2620843513932414,0.2423620640897342,0.2181430260158359,0.16276287014645907,0.2954200219523813,0.6443261865120272,0.24784224359046564,0.2866737403025942,0.07440087195064543,0.2290831421468811,0.3217320729822752,1.0,0.2954200219523813,0.2720269822029602,0.3535833396437036,0.2290831421468811,0.2423620640897342,0.001449158741200023,0.003352238351108953,0.0,0.2301918577582517,0.2141043342773128,0.0003461810635527384,0.2490922203301607,0.027692888428409588,0.0009369183423123997,0.05027816222588437,0.03839840944587214,0.41795749278914746,0.2933489739525574,0.0,0.057907009519280975,0.0030325597105068276,0.0,0.064246780551673,0.25316055401701254,0.0,0.0,0.0005402549776277094,0.27421170707476006,0.06174262215837658,0.001298990626019052,0.0,0.0,0.35129508299422596,0.41795749278914746,0.19186405755761077,0.21080357081491466,0.0,0.367237372852279,0.6828756511182243,0.33514934307100713,0.0,0.31974660638173763
358.1126186,107.142223,99,Mayo,1.4903626441955566,0.12538745999336243,0.44104420518478976,81,Mayo,0.06,2732.42,169.0,0.7794756591320038,1.2166264441066874,0.002934319787550017,0.0841981310682756,0.0,0.0,0.00867132490569523,0.06069238363917873,0.0040755742268994925,0.0016192145252318898,0.009497499664017934,0.0012513108120035534,0.010239495018146817,1.0,0.002251861327330873,0.0,0.01191765450012613,0.008920268323128972,0.003365181063522193,0.0,0.0,0.0,0.009166442399826637,0.0069293931901613995,0.002763465825011535,0.009895559048168846,0.004540995351456281,0.0,0.017768573502902944,0.007061609648344444,0.019178134257272484,0.006407840824782973,0.011693624537182847,0.014770056910623277,0.0,0.006503549269989335,0.005715610629064635,0.010020959192057076,0.005440749063653569,0.004801972458842043,0.004060030793017305,0.004795842337096409,0.013089288828890343,0.006002048100047419,0.00380125679321771,0.011048329358009357,0.011377381515404754,0.01167282478076626,0.010456191187677627,0.00948687810791719,0.0035080386570602528,0.010128636611659962,0.009710166621276415,0.009941864087156797,0.003228461337549828,0.010511730223804371
218.874104,22.92990817,100,Mayo,1.4889215230941772,9.999000030802563e-05,0.0017027958103303178,1359,Mayo,0.0,2089.06,138.0,0.9447241908311844,1.055108282744653,0.23495883861965888,0.18201053915567642,0.11611996463140097,0.0822166231876447,0.15124384081805067,0.42877937866688554,0.21590913896924896,0.12477978487288764,0.11259094559265338,0.10882540487870915,0.15224165404167267,1.0,0.12363589592768225,0.18720141912632662,0.14947354694262466,0.1418421641291937,0.21519442305479244,0.011354571557156513,0.008550206672327173,0.002515491819497119,0.12999045049071972,0.05484570703441128,0.002515491819497119,0.10386545040567417,0.0025506651211926043,0.006329891897787302,0.12096700849666267,0.022367312987002008,0.21409764015272414,0.22613424956697714,0.0,0.22228591123662933,0.007600065766867943,0.00523629269771969,0.09104176713724194,0.0772265727176382,0.001591000299535158,0.006911692439458039,0.00560965824940214,0.1473804931272834,0.0041857711254477325,0.004906244015584297,0.001703066909379357,0.0023718590972817803,0.18091438752524266,0.1877754461170311,0.2788358685144321,0.13292131110166264,0.0023739722677155544,0.14158407854495625,0.3054337236166475,0.2462483942279106,0.0019802525777878627,0.2280985447667698
134.9175938,146.8856519,101,Mayo,1.4877238273620605,0.000999900046736002,0.011101100242629811,1378,Mayo,0.0,2106.98,145.5,0.9266491287946701,1.0457553605148187,0.12980422200609412,0.09795539904639443,0.06680659298062,0.032310728261562074,0.054292586054554816,0.21527427685004885,0.02715904612824975,0.19974129836478222,0.10151163790929917,0.012395113644489896,0.05761733402011135,1.0,0.1276486680040505,0.061500049521875606,0.08026918841391074,0.06590967861458168,0.029798176203873376,0.188918979039379,0.1360984306479018,0.03936125199566362,0.030382188836446392,0.005901618887671907,0.05534696290343847,0.048994256187514997,0.11402752894326706,0.018998161237726154,0.042442465284321926,0.15366899080637111,0.06930836945088784,0.04907830592656288,0.05521366682563157,0.058278716984712015,0.0781083866562123,0.011124463325763766,0.05964339910894508,0.03689050141774917,0.04342996073767747,0.05284786410144976,0.07881622068954731,0.059823256448358,0.15378649930358607,0.03159300433060091,0.057829928642381526,0.02214653006313154,0.07626340839137251,0.126127691825356,0.08215476229355881,0.003521296748103005,0.08184230529505888,0.086728232881304,0.3787821026250414,0.17132591500505187,0.0,0.010710852444442729
446.6708826,22.39237282,102,Mayo,1.4869304895401,9.999000030802563e-05,0.0017027958103303178,857,Mayo,0.0,1678.38,107.0,1.03507090985775,0.9639179999795915,0.20486394596800697,0.23619528139362825,0.1984118904482256,0.1591566063748006,0.2890574117557765,0.5317123893702765,0.35811482307350495,0.2529059905890562,0.22064785612024715,0.1984118904482256,0.2529059905890562,1.0,0.2935709364584064,0.20720473601294448,0.31845425271475775,0.18193525682563236,0.20278265997366227,0.0,0.0,0.0,0.20486394596800697,0.17799408912676173,0.0,0.2649791014891243,0.0,0.0,0.00674348214965083,0.0,0.3620590864845601,0.24946086537778664,0.0,0.032940355061000286,0.0,0.0,0.18465300464373233,0.19345984398015134,0.0,0.0,0.0,0.2383907064584016,0.00587811022749292,0.0,0.0008442061181090361,0.0,0.34772585970170583,0.39201490394481425,0.2710952871185228,0.15811363657689587,0.0,0.3303015704191963,0.5317123893702765,0.2687294501158787,0.0,0.2560941801156399
500.6359102,22.31774932,103,Mayo,1.4844708442687988,9.999000030802563e-05,0.0017027958103303178,133,Mayo,0.02,1617.84,109.5,1.042367292046547,0.9468214452654881,0.0596150380621803,0.23047924024004654,0.2026685574508616,0.1519311288192844,0.3090536302379526,0.5722780707935051,0.35702576115421897,0.22840672990388525,0.23129394397755476,0.19154189171297667,0.2729741450034911,1.0,0.31056768375868954,0.17853808247231454,0.3073082344538769,0.15477029072761073,0.18676976452732866,0.0,0.0,0.0,0.1933051783292982,0.14648669374899523,0.0,0.18676976452732866,0.0,0.0,0.012196683890086794,0.0,0.3140384726554089,0.24400961579044875,0.0,0.006536883822209525,0.0,0.0,0.18032990235272853,0.18991250389220332,0.0,0.0,0.0,0.3213248414610918,0.013257918890716586,0.0,0.0,0.0,0.3526144692934627,0.3959876414388415,0.256847440881224,0.15477029072761073,0.0,0.3342758537139011,0.5657976448248209,0.2502085433954574,0.0,0.22703041307451158
792.4264933,22.43893962,104,Mayo,1.4831910133361816,9.999000030802563e-05,0.0017027958103303178,126,Mayo,0.02,1485.68,121.0,1.0518804067373275,0.9123595194019369,0.09313134145857348,0.23528003259923802,0.19575588206796263,0.16038259151071757,0.15084139252479295,0.4202611777805925,0.42144945237158815,0.11851482395802,0.22294574833771738,0.2095577333926089,0.23357692268760336,1.0,0.30573930580590075,0.05944811858233672,0.32524951855082357,0.09472425510660809,0.15768236724525939,0.0,0.009427891873640367,0.0,0.18683356554338174,0.029014177263699006,0.0,0.1914034178770547,0.0,0.0031489341464391173,0.0,0.0,0.25763416073006384,0.23357692268760336,0.0,0.0,0.0,0.002700700727812014,0.09436764090056939,0.05036255102891933,0.0,0.0,0.0,0.16604762487250765,0.0,0.0,0.0,0.0,0.3995366161753064,0.2624879951325178,0.12028071331728132,0.14084661688403904,0.0,0.30900544927651025,0.5265771952126225,0.16232577026478814,0.0,0.2485001827633381
220.8711988,22.80443272,105,Mayo,1.4821052551269531,9.999000030802563e-05,0.0017027958103303178,1298,Mayo,0.0,2044.72,121.0,0.9532308119535446,1.034317986783074,0.2852159370840871,0.19546909624086656,0.11278186515862013,0.07648351562290698,0.1795791381642824,0.4783068519615005,0.2427665520900049,0.13564563408103567,0.08676692372048234,0.12829235462799726,0.15289517220499027,1.0,0.14014415056924215,0.22830356243225827,0.220939099355024,0.05165991802581386,0.2724929202238818,0.004749193982469981,0.007515113822845699,0.001898823252176426,0.1380326881806508,0.2086217983458298,0.0,0.07298391251002068,0.0010064620840558015,0.008783962663926483,0.0358060864826468,0.002068169920078513,0.2039467911090066,0.127497426602456,0.0009487345070101063,0.045224861264007876,0.01887127672964022,0.0034640828306640335,0.1452883487431586,0.04836397225189146,0.0014175946022317021,0.001672685714769232,0.0032902631032561687,0.15796513533313472,0.06177803225139254,0.0008950622290431603,0.00032638635121957395,0.0004525987396310029,0.19818349177783773,0.24936475401012528,0.16114845756090654,0.09377168154641381,0.0006133842966637496,0.10031763754430716,0.3406772089767887,0.21835024215698703,0.0016998773270567992,0.11422201268916654
136.051692,261.7435887,106,Norway,1.4802838563919067,9.999000030802563e-05,0.0017027958103303178,83,Norway,0.04,677.62,133.5,1.2065812784433365,0.680781637726633,0.23956673073532533,0.2577735310976243,0.23850594484878967,0.12944527028374542,0.23060104254143396,0.19366889803994922,0.20251733259432597,0.23865211086816326,0.0,0.26745943353433693,0.29309366629023137,0.0,0.19939824107131465,0.27167797338894145,0.3294187236662176,0.16531678234802138,0.30779430002636693,0.93080408905276,1.0,0.713587339664722,0.35609619547884197,0.2616928669484736,0.6670192444089462,0.39204775118312146,0.2795536293302321,0.8173155178213707,0.32329863951126936,0.5900356722138395,0.1828260338050788,0.19971704582977828,0.5394102603413964,0.4653258293680153,0.9447015039879997,0.6678121255432379,0.2792828442754502,0.29715534182869796,0.5041887999148569,0.30763770196031276,0.6113694996444713,0.1697799006017464,0.20592934967334706,0.7269328201787104,0.3891264263940808,0.2770908632665558,0.34223283565214774,0.28614069551284005,0.2981307408543073,0.3588057504196706,0.3117170575126527,0.20878019817282972,0.0,0.3477080404430929,0.5786372237484667,0.2965535424338649
678.5042638,22.30474629,107,Mayo,1.4742109775543213,9.999000030802563e-05,0.0017027958103303178,878,Mayo,0.0,1698.44,123.5,1.0152117747068405,0.9516021488086295,0.0152219438797626,0.21055281270577705,0.11648290802997108,0.10905574563391501,0.19423622079646338,0.5163136780761074,0.36104644370970806,0.18728933021369865,0.1990669092800948,0.14323478838979356,0.17829707797924588,1.0,0.19423622079646338,0.1494848827998253,0.334292163991523,0.019953585230295105,0.0580306730434352,0.0,0.0,0.0,0.1881523782242129,0.12676660413095303,0.0,0.16905160908066583,0.0,0.0,0.0,0.0,0.18263132089964498,0.054426153146920564,0.0,0.0,0.0,0.0,0.14073200979259226,0.14350845535473733,0.0,0.0,0.0,0.10550160687594327,0.0,0.0,0.0,0.0,0.3429020661903441,0.37745754834015993,0.13729622671148278,0.026588821119236956,0.0,0.2839156689757277,0.5250620695830116,0.11628928248865585,0.0,0.04552381379886313
414.0062983,35.7326712,108,Norway,1.472282886505127,0.000699930009432137,0.008409622445165198,189,Norway,0.0,650.6,240.0,1.189323489665985,0.517926197944045,0.13701268392042995,0.011240309918930512,0.0,0.03143485940482006,0.029081502800065703,0.17506995834996422,0.026178598915596634,0.02750772987507508,0.02018219152882179,0.028456876760955506,0.02106632812401347,0.36072536395931626,0.07351763686024636,0.07542711169059817,0.1378758924539369,0.2070545987880041,0.011260915118461366,0.07960993781489478,0.1819973483019546,0.1299789772514615,0.09489718400659534,0.11327919088594007,0.06386562457204878,0.11677665201032439,0.21221073633436432,0.09011367869181827,0.4675277480815501,0.20785504156232462,0.19153524253038148,0.032194271046164964,0.0,0.04538686920576516,0.10318253840528091,0.121124853108894,0.15091176023877573,0.09227759809998211,0.0,1.0,0.08339227233622182,0.07901951174189152,0.19580884118276817,0.053934309812068766,0.04380418188282938,0.03929821655054009,0.13946228503627003,0.12222577655047297,0.17407818171706801,0.02332275087057859,0.15908569616153842,0.17884500979850493,0.29820579981736817,0.22204099967072854,0.0,0.21362127713369672
498.638618,22.26818857,109,Mayo,1.4721260070800781,9.999000030802563e-05,0.0017027958103303178,527,Mayo,0.0,1350.2,127.5,1.074038921892643,0.878898109390745,0.10553603650341671,0.2820463796205045,0.2237354208100608,0.17253034644992551,0.34092303858947953,0.5841611365145041,0.4106705257914865,0.25268950708955257,0.25408412813475795,0.2220835468284487,0.30052801056367545,1.0,0.32750565042464486,0.1632477647557885,0.3320273056729892,0.035814133086391156,0.2116591839204115,0.0,0.0,0.0,0.2490969179031767,0.08838510204503798,0.0,0.21444049231272214,0.0,0.0,0.008002382621781205,0.0,0.27730952152895566,0.08250781665769809,0.0,0.025941731100633393,0.0,0.0,0.11380760331914128,0.16477515826842198,0.0,0.0,0.0,0.17569306325285858,0.0,0.0,0.0,0.0,0.38649701600925057,0.39641873221821883,0.19107217084031114,0.18111268230515332,0.0,0.3425261637665295,0.5979273188851244,0.06890307557034551,0.0,0.26592246932759905
432.9661456,32.40705123,110,Mayo,1.4719328880310059,0.09279072284698486,0.3610125025382693,1894,Mayo,0.0,2449.62,157.0,0.8410673248767853,1.1189340138888424,0.1493102685713668,0.009235213138730373,0.007823610030811454,0.009086277689805158,0.04922208517269062,0.1523822074656601,0.11253033776578109,0.006932302503612289,0.01021639731344169,0.07213009834666446,0.01671394797443492,1.0,0.01535291085010553,0.19233667035326354,0.012217423056489813,0.017562683113061903,0.0010232797787147099,0.0,0.0,0.0,0.04144283533993243,0.002825309054766109,0.0,0.07966435925877398,0.01712355558104328,0.0,0.024487242169323416,0.13649638709957637,0.11578529721291941,0.0,0.0,0.0,0.03551912535376454,0.0,0.013611239201681615,0.08379347621090719,0.011535470350667326,0.0,0.0,0.0,0.0545634819764188,0.0,0.05925902918144511,0.041547654269728104,0.09641947703429685,0.08928771175193205,0.06529264993156804,0.05059385773630929,0.0,0.05880919063939611,0.1764361426901726,0.03517318729780464,0.0,0.0
252.9472784,31.83742135,111,Mayo,1.4719047546386719,0.09739026427268982,0.3724181466336255,105,Mayo,0.04,2285.08,170.5,0.8785937511920929,1.0885910687524125,0.10273449576819829,0.06148636157230139,0.02958839068762401,0.0068325955526825684,0.03025957357373164,0.301871848378018,0.20492971407760854,0.02359211097915496,0.019617621872420242,0.029649280512970257,0.0827091693329602,1.0,0.014597061261081967,0.09434089013142206,0.02249020671887877,0.0275421664239769,0.043147034591271026,0.03533263299999783,0.01935519951636562,0.046719253925874685,0.02822123327491714,0.016651945010219375,0.012634782955012878,0.08654498798157595,0.10749340490631727,0.040978146668021825,0.03580850411118889,0.07845665164256847,0.15465754375222038,0.010796532315846402,0.0010556954576162751,0.015378667451956618,0.03971328251402166,0.01570534248806533,0.019872604581266294,0.07637088945655672,0.03831565947472814,0.006260541509847451,0.05140623539051145,0.016482275270386048,0.08989908777277207,0.02623619218548654,0.06314333014976135,0.03180593589693879,0.10273449576819829,0.03995827622355393,0.06303844678064521,0.019329566309994863,0.01430114571658361,0.037508648375333124,0.1100750020092178,0.03846624575943182,0.0,0.015278056993737708
477.2619849,68.29333667,112,Mayo,1.4701422452926636,9.999000030802563e-05,0.0017027958103303178,160,Mayo,0.0,379.9,209.0,1.3166741263866424,0.3903920736761756,0.0,0.01580940961158705,0.0,0.050158744382774754,0.04233888325526351,0.020709840802121734,0.0,0.0,0.4015586561258519,0.4427776936737712,0.37577301693847437,0.0,0.552605160783892,0.026913963802808857,0.011675677209603236,0.0,0.0,0.0,0.0,0.0,0.0,0.03771462534171341,0.0,0.0,0.0,0.0,0.4088576606296695,0.0,0.0,0.0,0.0,0.11781661563017908,0.0,0.0,0.0,0.0015179716111560163,0.2613405115504037,0.0,0.0,0.1443540267246239,0.0,0.0,0.053876013473734316,0.0,0.1597050475159326,0.09889990492147742,0.20601251023740613,0.16928142897888676,0.4712559800536933,0.171646485958606,0.11816408843120936,0.2596261247402597,1.0,0.5570198321416768
594.9736902,35.8407782,113,Mayo,1.4661431312561035,0.08499149978160858,0.34260866361312425,1296,Mayo,0.0,2044.42,176.0,0.9122061204910278,1.0353381779965427,0.16342315676594737,0.04892183732686633,0.007318925018483011,0.00969697727970751,0.08575540737266171,0.16185914771241292,0.09627887951340303,0.010713382350491397,0.005823448125990681,0.008684851828308913,0.07075333162636682,1.0,0.005207878755803385,0.20832695411124144,0.09456396967403953,0.07920977526950744,0.0551382439930616,0.03706746032064466,0.04487159667176499,0.03560148387982539,0.09810110443099937,0.0020177949205559135,0.025116412010266452,0.05891079919847351,0.02758739828231302,0.037488861242352595,0.060122113676789816,0.0,0.15739373244151136,0.0029675726995304313,0.0,0.01509171258923567,0.048720213922624184,0.024299596376991063,0.0029086087619033746,0.013937125328785376,0.0068915977542724225,0.0,0.04469601005669807,0.007845603683838567,0.12132727778184114,0.04120597937877056,0.05198907019470327,0.04942564845704692,0.12904106130604662,0.11843949240164811,0.06753525652345654,0.008595732340910895,0.04900292827189237,0.14696107984328996,0.1818218758085132,0.12969769449404173,0.0,0.007247954434370819
348.0263991,77.31965847,114,Norway,1.4627796411514282,0.000899909995496273,0.010231225663082098,936,Norway,0.0,1750.64,236.5,0.960033278465271,0.858495582324563,0.06468680147023824,0.0,0.0,0.0,0.0,0.1021252186076582,0.0,0.017137375320780246,0.06983806546111333,0.0,0.0,0.15916627195520489,0.04682209685140112,0.0,0.03999716046179344,0.28956465339093695,0.01735958902991021,0.13648602816167946,0.0,0.07561757611865914,0.024570916970279928,0.008975664294061624,0.041502267154858934,0.13020801266819057,0.1948618923552212,0.0,0.07317933930922288,0.3684055678620206,0.011693218287097884,0.034742969988982395,0.08257392368566228,0.06936493359713732,0.1905770679569613,0.0,0.01702994467906461,0.012562093753861756,0.09456578295600125,1.0,0.0768835378304102,0.04277760455293849,0.037512629855329147,0.0,0.0,0.04398911426270673,0.033262507557324794,0.011631418547538248,0.06327647063949375,0.0,0.034650037334975514,0.06568323279089881,0.22953597183589639,0.04024827362973573,0.2065549966002245,0.01936748857204045
248.9785312,98.6402529,115,Norway,1.4626927375793457,9.999000030802563e-05,0.0017027958103303178,811,Norway,0.0,1642.26,190.5,1.0555499041080474,0.9246651053134098,0.05715998965795746,0.025643824852047685,0.03966515628614512,0.0,0.03826093531106559,0.014719521483318374,0.012430001123148527,0.02018661156057605,0.015121530269280434,0.011428225414635963,0.03510020381934646,0.16769153503759124,0.046190954375833274,0.06620928283103249,0.033329563734464815,0.02176742929474303,0.0656943200500236,0.0,0.0,0.6353782491765128,0.0365296340076782,0.030992156371539695,0.6039174224087995,0.015121530269280434,0.0,0.0,0.02457273249862239,0.0,0.02360648272025494,0.02561410969846894,0.0,0.0,0.028374296025191228,0.0,0.07704927439238655,0.05309163249819305,0.39849487335380873,0.0,0.0,0.0,0.04972952724266281,0.0217966848964615,0.2877458544841561,0.010397977726778859,0.04328004015411126,0.023181737777374138,0.03376699649878034,0.02703739574290681,0.0,0.030560735301150124,0.0753920218616752,0.039241390131365426,1.0,0.06753310425851143
312.8932146,135.9058713,116,Mayo,1.461475133895874,0.005499450024217367,0.044471407741105834,1294,Mayo,0.0,2043.9,156.0,0.9195190995931626,1.0205942864620556,0.07845535195489212,0.026806940907611463,0.02869747468165305,0.013585497033093166,0.1525652980173516,0.08831756091286236,0.011670202039276729,0.20141869356174014,0.05363550415351663,0.0041193101869118265,0.0,1.0,0.016196465505744773,0.056105881890285675,0.04774540774076131,0.08884614907734267,0.05344216624770845,0.1321771269783953,0.0,0.047770539837138595,0.03218616877705672,0.0017603871733643999,0.13313177440253132,0.009538449903586654,0.05865542146770382,0.07825332694449291,0.03946769219738729,0.10283182486237381,0.022378326461763742,0.04431689424105717,0.024441085472781305,0.08012683111858318,0.07404500287202129,0.07440975961561863,0.02535657058563315,0.01313372681486939,0.015755893288475546,0.1010049044244628,0.03342161257793455,0.059916903961312495,0.11149940731458038,0.02891587794687345,0.019454436663038754,0.03004002222210718,0.015092655588248153,0.09592672932887579,0.05894678009994143,0.03418613294112895,0.05177500049818337,0.10144113037743757,0.3707220745749863,0.15845775788629513,0.011857818371261389,0.08118334928608778
324.7624707,22.62965761,117,Mayo,1.4600930213928223,9.999000030802563e-05,0.0017027958103303178,869,Mayo,0.0,1689.72,116.5,1.021549446284771,0.9539086082989812,0.2784615097353456,0.2594516776552601,0.19622707014822915,0.16798794401649167,0.31859377934073113,0.5905572376863152,0.3881930446494335,0.27218520429163306,0.22008376642644548,0.22599566091893394,0.31728618674340053,1.0,0.3353564554859765,0.2406077439329424,0.33909165418103465,0.20572214296945393,0.22406342914194938,0.0039498609630006795,0.009239877679552519,0.000764307139724132,0.22008376642644548,0.19443888619674937,0.0005583900407661418,0.23275799669102956,0.0005976977265978846,0.003887729345108752,0.029504174948219948,0.034252860998200164,0.4045928098584658,0.27353752200566744,0.00035763757226033385,0.03028323942309333,0.005307665812011803,0.0007561643810815697,0.24160496978352833,0.21396724950506316,0.00016777999286751917,0.0004960179067849944,0.000592556703936746,0.2360709429417635,0.03699828704115756,0.0024689804376620567,0.00030585894457570395,0.0,0.3596071610897041,0.39930806667724866,0.3047090286322819,0.19443888619674937,0.005019279904118039,0.3374511925837886,0.5977429760763517,0.33030742782928607,0.00044247106147670757,0.2817164573036158
238.9316651,38.13807068,118,Mayo,1.4586713314056396,9.999000030802563e-05,0.0017027958103303178,923,Mayo,0.0,1738.24,148.5,0.9755229812860489,0.9417608096219986,0.0770071877181196,0.1359840112854886,0.013963383710359732,0.020952649211326353,0.08866901126582799,0.3057000576959527,0.2026401508373191,0.01945786382930813,0.0264396167758639,0.024705555465827776,0.0708582202792161,1.0,0.010305810704737947,0.14395040577142407,0.09447450733282237,0.04707665045424751,0.007552241605490139,0.10281157204118908,0.1692228730132578,0.13139315344808433,0.03689720364381165,0.06333584533998513,0.07757197678389555,0.036003661461797475,0.09138876158601184,0.1155547704697804,0.05291014991341871,0.04228077340763057,0.17358360007021748,0.02403277344627235,0.0,0.03265362976680698,0.09311202781303217,0.06448174251387125,0.016055936510965825,0.028828234249800813,0.019734253802801378,0.009295721431074471,0.046430942319170485,0.026205172223058792,0.10652499199597482,0.11341710387806721,0.13306534025927097,0.02017588952650305,0.2402840198431968,0.041513549682760345,0.02560285221373064,0.04217377472187731,0.015502620331979088,0.040346189231892794,0.4338991827704067,0.09774235154154881,0.006068134005211091,0.29270282209807497
794.4234081,22.44123849,119,Mayo,1.4548349380493164,9.999000030802563e-05,0.0017027958103303178,782,Mayo,0.0,1609.34,133.0,1.0185333251953126,0.9254464497060495,0.03733396175596831,0.2111272475679811,0.18593383221862414,0.15021570159324357,0.08530680122245801,0.5212140522137315,0.3594534025999269,0.06482206724844279,0.07464529512519427,0.17967410125335773,0.18303536216748936,1.0,0.07802231070194288,0.14713363813933789,0.29639580654544023,0.029679220545826737,0.1577645906160118,0.0,0.0,0.0,0.16914423792255126,0.02378882213491592,0.0,0.08807732922281308,0.0,0.0,0.0,0.0,0.25202205580963194,0.20012124237565096,0.0,0.0,0.0,0.0,0.03398847412935254,0.14234431130045558,0.0,0.0,0.0,0.07050604760391786,0.0,0.0,0.0,0.0,0.2103812013280406,0.3831099388687583,0.0600163747884533,0.1111073604886771,0.0,0.29639580654544023,0.4777584833326629,0.11807528768204997,0.0,0.21905237392588697
522.9176398,31.50992426,120,Mayo,1.454020619392395,9.999000030802563e-05,0.0017027958103303178,860,Mayo,0.0,1679.78,134.5,0.9908551198244094,0.9321502031335972,0.23243205439843326,0.0174899605589191,0.0,0.0,0.16955638319688696,0.3087067054163457,0.024299197504700647,0.05605712308126452,0.0,0.0,0.027295701822375416,1.0,0.0,0.20498548576945605,0.03024984799452234,0.26387460453835554,0.09982961025811048,0.0,0.17581720590366276,0.0,0.014197578976630784,0.012089251823785497,0.0,0.023353906492217403,0.05617355782289862,0.0,0.04582428339356321,0.0,0.3312524988448632,0.0,0.0,0.0,0.0,0.033323198026877186,0.0,0.09017529460424945,0.0,0.0,0.0,0.01119245060581642,0.03534473103699129,0.0,0.0,0.03239463024641327,0.19168071702519468,0.0,0.03665053003173523,0.024513545737541803,0.15248997571459935,0.044498097936149936,0.4146709542722258,0.1721841626534516,0.0,0.10939992680820146
790.5612272,186.1494442,121,Mayo,1.4517555236816406,9.999000030802563e-05,0.0017027958103303178,226,Mayo,0.0,801.04,184.5,1.2890008699893951,0.6922103525540212,0.02394794223733724,0.22641130216039662,0.06898016522830858,0.03188758845132924,0.027526340663121783,0.10636263471265768,0.023319888332220106,0.24603834675231312,0.06750802052079688,0.02436556399682595,0.04744016403097758,0.2297159648446884,0.1143243103663387,0.05770709254976545,0.046348047571981854,0.020414090955861407,0.018485385024322235,0.6084605086875756,0.24141640959395708,0.13048577258986033,0.05050865377381957,0.011192099431269703,0.09818327694555247,0.04128697874450618,0.25534568313702605,0.18444959926873283,0.19534647129139357,0.13811336255893178,0.06456136142682527,0.055546269247688004,0.07139224400891264,0.10882015539010569,0.722222755775312,0.19374128252898126,0.018043807949770434,0.03483785946021868,0.15809847199279928,0.053354516253405766,0.09478714005482138,0.08045975440907134,0.0,0.08380889296859122,0.12302369783509372,0.11911771805389615,0.1017547095733621,0.1356787868787893,0.06169079239777067,0.04781796043492603,0.1331238924258788,0.12428247872316303,0.1606592864805247,0.0690301746765992,1.0,0.39306791720542694
441.3324619,110.9338665,122,Norway,1.4475877285003662,9.999000030802563e-05,0.0017027958103303178,164,Norway,0.0,429.74,178.5,1.340712942481041,0.4223823658909027,0.0,0.0,0.3205018531842494,0.0,0.0,0.0,0.20520905060664918,0.0,0.258933537434998,0.07878432331682474,0.0,0.0,0.0,0.28418490378361416,0.07671169764676426,0.170442645362345,0.09473138739214916,0.0,0.0,0.0,0.170442645362345,0.07775252723640536,0.0,0.09698212098302457,0.5569550703525533,0.0,0.05339993511945145,0.0,0.4536008673705492,0.15797531656739053,1.0,0.5425322422356649,0.0,0.0,0.14541446868500207,0.25508000894368,0.4110149764017607,0.8503253180626353,0.0,0.0,0.20520905060664918,0.0,0.0,0.33280919740452153,0.17164586923246922,0.21814567289289674,0.05373622589064945,0.23401709981943827,0.0,0.0,0.0,0.21980892969360813,0.0,0.27191246214097353
320.9709435,31.17417415,123,Mayo,1.4446351528167725,9.999000030802563e-05,0.0017027958103303178,186,Mayo,0.0,622.76,167.5,1.1957997024059295,0.6097888553210846,0.12381478595251903,0.2819804419009104,0.0,0.0,0.11065278938716523,0.2407022107061795,0.09967417131867198,0.045977063089350234,0.0,0.010733977157799586,0.21909442954168323,1.0,0.0,0.22848183753110063,0.12549705955776655,0.2393936527822518,0.032180273693891315,0.0,0.0,0.0,0.13476036945039457,0.013926721771909165,0.0,0.10948832418314404,0.25806551326447447,0.0,0.1753323838682929,0.0,0.3028425241499164,0.24287099182509847,0.0,0.03225111052054849,0.0,0.0,0.03612917160001802,0.10940865375027047,0.0,0.2101690585093654,0.0,0.0690856597408087,0.07576165315822642,0.0,0.0,0.08691811620879844,0.18970100372082896,0.028208462091668485,0.15474960357228607,0.031195782689599622,0.5071262610759177,0.1696671187443529,0.3036453543090596,0.1937200630302266,0.0,0.04884911051118088
364.9787151,30.67504586,124,Mayo,1.4436607360839844,0.09009099006652832,0.35445490854368805,106,Mayo,0.04,2595.14,182.0,0.8085895884037018,1.15064384764146,0.02865969299874491,0.009917996466390067,0.0,0.0,0.015503214854194059,0.2027816398826973,0.011183134839338877,0.015621812343230986,0.0,0.042293318492494486,0.026952442165071703,1.0,0.01626065683663963,0.14041720865789295,0.016505285375957992,0.06298306966829367,0.06169718708685329,0.0,0.0,0.0,0.02873315855276008,0.02027704766219742,0.0,0.09373148150949279,0.06321313853633162,0.0,0.2358622918003627,0.0,0.17016519662079907,0.0,0.0,0.0,0.0,0.0,0.0,0.019009707420349655,0.09257533205181191,0.0,0.0,0.0,0.010928348216688389,0.0,0.04869678253530503,0.07242049210320865,0.013884147518106777,0.02912632476074239,0.027872692853008304,0.0040055895922985986,0.0,0.016819380311935722,0.13036304220049721,0.1160893180865841,0.0,0.0
375.2583112,140.3486189,125,Mayo,1.4430787563323975,0.010098990052938461,0.07114433132823782,230,Mayo,0.0,814.16,277.0,1.1442780518531799,0.6052124942182256,0.03301917892518999,0.10741943583051673,0.16387504084881208,0.21844845094580365,0.013698517192835519,0.01292506620318197,0.0,0.0,0.11625043825835074,0.13247821396073559,0.18034591105906822,0.0,0.03483537984547461,0.039393833933725274,0.12191110148129095,0.0,0.0,0.0,0.0,0.0,0.037090508195116556,0.07064749468907548,0.0,0.07883024670906953,0.0,0.0,0.13206783123667343,0.0,0.044136937345982084,0.0,0.10283373723230997,0.0,0.0,0.0,0.08899632343304816,0.0021090587385931624,0.06771595102147626,1.0,0.0,0.05194055730386329,0.11615787170530768,0.16915162123370198,0.04922037619938289,0.08555408972793187,0.11457574628451332,0.0859189006222193,0.02647836131930776,0.15662474877204433,0.0457180588146328,0.05805289488263498,0.31369889496459313,0.08319711340282519,0.08974168613143901,0.1529179818364379
92.94450035,21.95098166,126,Mayo,1.4400492906570435,9.999000030802563e-05,0.0017027958103303178,986,Mayo,0.0,1787.32,129.5,0.985782613158226,0.9590536494823595,0.2030575590117809,0.37971537405368444,0.22417148208512758,0.18846359418774622,0.336088398330953,0.6715476629284631,0.38093162255184004,0.28397863699210807,0.25132806917934075,0.2971189442304548,0.3978329594246795,1.0,0.32293787293972914,0.31876322489325726,0.3084931694322887,0.17527100929915712,0.20504908475992525,0.009855973737374676,0.011383100291803993,0.025383214541792955,0.22355918917471054,0.1833077806888156,0.008098724020972368,0.22211675715289567,0.0017493896097957606,0.006382076867377548,0.13625001731585948,0.25786422513689927,0.2877606758113106,0.24364442148993992,0.0021817158047100233,0.22018852558980226,0.010123566678582194,0.0015766006712019595,0.24887629406680925,0.17642359538417035,0.0018631729972322856,0.0027027739663148197,0.0052732818089893906,0.28628292794821275,0.08225333292135312,0.0030863499873784333,0.007064493921564626,0.0,0.3644586494286473,0.3694778895535773,0.22628743767620707,0.18397322777573843,5.950091533418631e-05,0.2824312947036262,0.5700765947964845,0.27896763025633553,0.00220446932580537,0.1844408945517718
512.971752,35.68271086,127,Mayo,1.4286906719207764,0.00899909995496273,0.06546132618822663,1596,Mayo,0.0,2256.8,176.5,0.8708620947599411,1.0544157205251248,0.19775528795509414,0.050754726414729584,0.009545863231050673,0.004153316929771466,0.017847586096881463,0.26595662683762944,0.09440062825989742,0.06338014985241253,0.05133881245439144,0.051950694709146046,0.1072893042013633,1.0,0.05653739637080223,0.2064261991380332,0.045341170357166095,0.0785402627277857,0.00575845019567691,0.13778645097273665,0.02891061215369427,0.04290392070251666,0.07451544940393565,0.009182513704044245,0.0,0.11325933350038955,0.12528123740999905,0.0,0.013118409821749643,0.03968522572838564,0.28648831700122834,0.04611248677903798,0.0,0.025385127243441816,0.03292649638190093,0.0,0.040852428344910645,0.07592229499661521,0.042693278226324155,0.0,0.07115203305315616,0.00936428323056156,0.15830505916832083,0.029079778184502966,0.18630834444016905,0.045570432381933715,0.09478019543312467,0.09553242084904862,0.06204165558335918,0.048740858952725716,0.061956941685427834,0.10428487330829882,0.25007358921920925,0.10325843319356685,0.0,0.029208024879811494
484.9410047,35.4197102,128,Mayo,1.4272739887237549,0.12328767031431198,0.4373284616003706,2051,Mayo,0.0,2558.76,206.0,0.7951887774467469,1.127552522893311,0.19749968834376316,0.061887952173133004,0.00799102816982633,0.006739977650431996,0.05651149398135222,0.13190961461546014,0.0990733521678557,0.00854300598386197,0.01740123637804774,0.04660531781962163,0.08745378517958738,1.0,0.008453299082710851,0.17149901832243764,0.03926136989813468,0.02728905726367704,0.0,0.02760542615663396,0.032305431366052545,0.02698546286000995,0.009428577892510033,0.0062577937163553685,0.025779317789252364,0.06388548599286722,0.05543353084046743,0.017991645993830366,0.045679514873710164,0.03334716832448765,0.19190911797449983,0.01610492135668687,0.0,0.0,0.046888789316370104,0.020256430561320347,0.048579698312150456,0.04190385602171425,0.02902348425830512,0.0,0.03063997137283758,0.04349698755459555,0.04991333672363,0.03319931049632605,0.14158315921032116,0.036980794116818254,0.08901737587702542,0.08101038099439847,0.030011484963638625,0.024654547427283464,0.004439338957912861,0.07201184369437114,0.13595228184542338,0.06531147750903046,0.0,0.046029193574368264
448.6681163,22.24390026,129,Mayo,1.425377368927002,9.999000030802563e-05,0.0017027958103303178,455,Mayo,0.0,1248.94,149.0,1.0641772323846816,0.8238540598265327,0.22091355217437875,0.29069168876899276,0.2394561681829441,0.23735748761073336,0.3303818405991122,0.6101348003127772,0.23629242683375695,0.2946125327278929,0.2692968763753499,0.22901168121331175,0.0703475175653782,1.0,0.3222738453667038,0.21672378448868515,0.36984182932383974,0.04620942811483771,0.272349762215854,0.0,0.0,0.0,0.2692968763753499,0.05016895527911258,0.0,0.4483604868608625,0.0,0.0,0.3016154661263408,0.0,0.35142784912736297,0.08186633099110145,0.0,0.0,0.0,0.0,0.05632495702217609,0.21858839484969178,0.0,0.0,0.0,0.06088467250584795,0.0,0.0,0.0,0.0,0.41628052065908333,0.4244564714589872,0.28383129660542716,0.19114252059858577,0.0,0.3760485433375939,0.6333834448041264,0.3002027913327415,0.0,0.2639018010199962
440.6797604,22.40331902,130,Mayo,1.4252872467041016,9.999000030802563e-05,0.0017027958103303178,656,Mayo,0.0,1480.78,139.5,1.0311085242033005,0.8885765439278593,0.08593934560881533,0.2916368984488592,0.21689824204115093,0.18801801107790309,0.3445241639745467,0.6392639773147014,0.4618907193744789,0.25868760356979636,0.2747589424976374,0.2297371413928584,0.30893612086275946,1.0,0.35077922350771384,0.23265011441521657,0.3457023618997797,0.0565079541385674,0.2802210114100156,0.0,0.0,0.0,0.2413102204123711,0.09291632481258207,0.0,0.24396643088387365,0.0,0.0,0.027372922274282015,0.0,0.37434418922326534,0.28767497556070776,0.0,0.0,0.0,0.0,0.2062463434308166,0.21390002431449415,0.0,0.0,0.0,0.2601477214320539,0.22157196427684067,0.0,0.0,0.0,0.43356093089651077,0.40319360437863605,0.28242320205687765,0.22781523781641433,0.0,0.3445241639745467,0.6170922518780474,0.30515193401007845,0.0,0.27947218426519077
185.1546981,119.3578404,131,Norway,1.4227147102355957,0.004699530079960823,0.039389804778649735,110,Norway,0.02,420.42,189.5,1.3584815442562104,0.5092278798237287,0.12413580870984907,0.009647613798787511,0.02160641614814863,0.024373588693836885,0.041084730514683324,0.011228821380715228,0.05281535891449735,0.040139967376867605,0.06105253058069861,0.043358776421616875,0.07101881025407353,0.10261520525424825,0.038889293748505915,0.04089720026839966,0.011228821380715228,0.03119136894055281,0.0,0.1392076920858696,0.1800843561726991,0.06853440888348969,0.05418796370207109,0.02786583800643162,0.11220507142048529,0.03787538696876977,0.09915466646007244,0.16648284898753166,0.0755117053250089,0.17123123633137574,0.07331306739377133,0.006290290915598508,0.06615627918037993,0.33849330168358965,1.0,0.15198337884584034,0.047670365014459114,0.051747488804363535,0.1045594399200426,0.10745231465011588,0.0347547261628941,0.05534070852538379,0.02806451972461625,0.9196168223227071,0.06739029403864946,0.036341329848586325,0.05641847246780279,0.0687640401643044,0.06406844483815757,0.04724758952869602,0.11629172569542688,0.015641277685090334,0.09092839100527471,0.05126799514772584,0.6964590254642624,0.029423931028497902
365.267276,271.1189573,132,Norway,1.420548915863037,0.04199580103158951,0.21310748023479575,196,Norway,0.0,682.56,191.5,1.1150018858909607,0.5977880946553226,0.06270010191246586,0.0533047791406458,0.15504612640614687,0.13781156998016558,0.0253460651910461,0.04464872849308356,0.038640570871035534,0.07755654379270005,0.03647626759305373,0.08963652135583434,0.061971451073657216,0.13004906092390142,0.09139656086252958,0.02362190822497034,0.18019723585266745,0.14685234782259232,0.09373546005810252,0.0,0.17808799799409902,0.061560329690098434,0.0533047791406458,0.04898515337661658,0.06753605949892448,0.08353202074048943,0.061560329690098434,0.10522682775643911,0.034695261816951435,0.09004725356454198,0.09917328714024602,0.10968769173507568,0.15088472096924063,0.15107302892319963,1.0,0.05662881453558632,0.1031879415360611,0.05611103693004553,0.08800318972564947,0.1329968870917661,0.0763153226627493,0.07648213366779802,0.07626752407395387,0.09497461556136802,0.03392501193806542,0.0789523944413735,0.07211301718142513,0.05371355097184544,0.07177760977530959,0.08554500059611411,0.0609985816198986,0.06687799607039789,0.08860190862096404,0.03385075803079536,0.04015568779742493,0.049475771377904834
306.9555486,32.63673946,133,Mayo,1.4184482097625732,9.999000030802563e-05,0.0017027958103303178,456,Mayo,0.0,1249.4,165.0,1.045099485516548,0.8038663658005072,0.20155471475731324,0.03344904166144973,0.016028183089043427,0.018012066550154682,0.14851452838319573,0.29772414787242935,0.06271834584219202,0.1236719582968223,0.03686561966299933,0.10848454816489388,0.10448948839104141,1.0,0.05441084432747352,0.24761904888304867,0.1516646745346014,0.24524018034141365,0.061268881661727,0.0,0.0,0.10538438124498392,0.05503568705810814,0.057581087515258755,0.0790953237666052,0.13244004860684633,0.406565023136026,0.0,0.2524684915391028,0.4230529926895163,0.36104505856841146,0.07596763836721619,0.0,0.12349027478190218,0.059743786325264205,0.0,0.08959541404687547,0.12017506217018709,0.07881808739346376,0.0,0.0,0.10322103080753767,0.1746706072435055,0.12872751554450068,0.07811943718761365,0.13505985914582516,0.21286724468269258,0.11319252980595226,0.18406060908269917,0.03507526190076489,0.08022009374234969,0.23973151665366962,0.4117195287757529,0.2156841914124397,0.0,0.10616773149101558
198.9756089,32.44559145,134,Mayo,1.4177383184432983,0.001099889981560409,0.011995815022771463,1728,Mayo,0.0,2341.04,189.5,0.8455981171131134,1.054071510809441,0.07170287184382584,0.031817408790896076,0.008477535855382376,0.011367365064571469,0.03816776249191791,0.3197366045405738,0.04207846820149319,0.02094817473053038,0.025439167723160416,0.026935051871503198,0.041430186128092475,1.0,0.11035672609889902,0.11667152346443795,0.03301431676665033,0.04651208089626678,0.020583743287886685,0.0,0.0,0.02484070787698749,0.04687662179511701,0.03270297946020921,0.0,0.0496305673247523,0.08910164445741564,0.0,0.0544933038469445,0.036182487291578,0.2732285915690731,0.17372206639102797,0.0,0.01603270564935204,0.051513609725114186,0.0,0.11975944363176332,0.043873874051495274,0.030616148717423797,0.0,0.0,0.13077248495130264,0.06563993680923555,0.0,0.08511087888204392,0.03460649338773022,0.10565343204353403,0.03698313192355197,0.03308551500137445,0.023377843852034976,0.04011179255718419,0.056011254422342206,0.3130665680924281,0.06658471647578759,0.0,0.30379519041380526
277.0828681,20.00262553,135,Mayo,1.41754150390625,9.999000030802563e-05,0.0017027958103303178,107,Mayo,0.02,185.46,134.5,1.5007013845443726,0.27981146865466056,0.36670649559983065,0.0,0.0,0.0,0.021557739061250053,0.047476211549994846,0.0,0.2100986097146883,0.0,0.0,0.2057606815910646,0.0,0.0,0.0,0.07259101276851426,0.0902381125703762,0.13123453439184166,0.06910969829719,0.06826403857258818,0.0,0.12097536163984603,0.0318151262299756,0.0,0.4804914212064568,0.11132362187968975,0.09146424440392274,0.2849178418012313,0.02306014607567729,0.11932704365844621,0.20195879422735255,0.17678028033909673,0.15306406338579184,0.5339748272713531,0.0,0.29622974302672833,0.06142059652366309,0.07408232989141737,0.1393123023319301,0.08549911964542495,0.12911956605684616,0.0742645756813535,0.0,0.022420754360464316,0.17088937517065825,0.0684869824730233,0.027480223927014227,0.07890866716847734,0.0,1.0,0.033978749122916936,0.06928662301830264,0.01932278876675596,0.7754528983796675,0.16786106595620304
503.6326994,21.95412551,136,Mayo,1.4174467325210571,9.999000030802563e-05,0.0017027958103303178,127,Mayo,0.02,1491.34,178.5,1.0136921602487563,0.8811301634679708,0.0,0.08539087134123481,0.12211727321713439,0.10429666906418815,0.3017755046037674,0.8751961949858221,0.10708064719726787,0.08011450983369826,0.1196935689363871,0.08614978858115284,0.07298146108921644,1.0,0.27010524308120754,0.0,0.4759710949846086,0.06161050192435631,0.1110393536176741,0.0,0.0,0.0,0.09857760867333856,0.04318170633281751,0.0,0.08229904594845971,0.0,0.0,0.0,0.0,0.10167076814734069,0.09037460089183937,0.0,0.0,0.0,0.0,0.14000877753065424,0.06646801738145469,0.0,0.0,0.0,0.0973062308735352,0.0,0.0,0.0,0.0,0.14821434473045325,0.21687908879598058,0.09756967685595754,0.026751183852527952,0.0,0.16504371177382204,0.6340425490645178,0.027788830179818553,0.0,0.08570941034171001
620.5451934,22.17802464,137,Mayo,1.4133555889129639,9.999000030802563e-05,0.0017027958103303178,544,Mayo,0.0,1373.78,145.5,1.0354667618870734,0.8546823511352263,0.07374237851934946,0.2929631396524057,0.2623502475903,0.23924465292907635,0.3999118006493584,0.5664639248206068,0.2611835634529292,0.39048116704577,0.4153111758746519,0.22726303125625952,0.25180253077311276,1.0,0.4044823865517222,0.16812189171673006,0.41138804664806955,0.12268634206354344,0.19370641085739326,0.0,0.0,0.0,0.25141745860233444,0.12163113273101002,0.0,0.23770500734061664,0.0,0.0,0.028085676921234717,0.0,0.2493325804070771,0.29262635045483587,0.0,0.0,0.0,0.0,0.15611472528097758,0.19391797980275746,0.0,0.0,0.0,0.2727537694513469,0.0,0.0,0.0,0.0,0.371130925991659,0.44843682966438525,0.25278795238220575,0.1298116444717573,0.0,0.4026909573881202,0.5250740313224177,0.230935751998233,0.0,0.27168711886714103
118.9695313,28.58805425,138,Mayo,1.4130957126617432,9.999000030802563e-05,0.0017027958103303178,1624,Mayo,0.0,2275.9,175.0,0.8596994662284851,1.0380307245804477,0.11878259487937008,0.20611395437850244,0.1379093877037271,0.00656198673153151,0.10861741400040292,0.3168228099878449,0.1645425045466855,0.022623240112311878,0.010489634997044762,0.12803790614265007,0.07592910405246117,1.0,0.10600836439026301,0.2106459633854166,0.09260654547849259,0.10102469731407591,0.16520721298592309,0.0028929633622732506,0.0027996424804908604,0.015378649209403824,0.036008832952303046,0.01567966551117117,0.001924494719552518,0.03769879849766569,0.06781793431767316,0.00016286726943402695,0.04991136741707656,0.057801263664674765,0.2796870028272183,0.20180314487045134,0.007452499551951441,0.07717647742830763,0.061941928654542386,0.0,0.09625897781554592,0.030561311602569825,0.0353915441914986,0.009975856766189572,0.017812602786912567,0.021660542885398353,0.042689722981303226,0.014960987852104526,0.04180021219909767,0.028973884445926745,0.17524728599631065,0.11992444386865651,0.045613040521902994,0.013589367495430677,0.025231740943638923,0.07124284351684575,0.39611017435819684,0.23499986952337465,0.005145220524961423,0.018277544991610956
597.364783,37.43822248,139,Mayo,1.4081668853759766,0.0002999700082000345,0.004100610418217478,48,Mayo,0.08,753.3,141.0,1.2830390071868896,0.6740997292840814,0.0,0.008159516836234034,0.19603742674834074,0.7780155965273211,0.0,0.002401343870787025,0.0,0.02489280706422359,0.0031197962140497772,0.014653931209824254,0.0,0.0,0.012143977515659751,0.0,0.005528668975219723,0.0923104283179039,0.006458835610102497,0.0,0.17930178921215154,0.0,0.0319917821901095,0.0021365827065464938,0.0,0.013830718792725101,0.012494599976183794,0.0,0.04370362765482901,0.0,0.011190890706718923,0.031482885194439224,0.0,0.0,0.0,0.0,0.013255843692773201,0.023618966524705503,0.01320647564265333,0.014605171640634176,0.0,0.019423759544391628,0.011332313145844495,0.018599248635932073,0.046199233645877996,0.0026099271030798326,0.0,0.003523312315610716,0.009149862632372194,0.3855196880319431,1.0,0.11953912422650867,0.0,0.13605784510242414,0.030660724533130918,0.016162543693492123
615.3766355,131.3826525,140,Mayo,1.4064594507217407,9.999000030802563e-05,0.0017027958103303178,794,Mayo,0.0,1626.56,213.0,1.0257019466161728,0.9026285842432772,0.28780768409503343,0.40661173058185357,0.16743667208088422,0.24425311058293217,0.12536158509777678,0.07919164227702374,0.22562103685413004,0.3019904090709177,0.1341123187063971,0.050866451478361364,0.052272731001431025,0.0,0.33246765763390335,0.18425074783002474,0.1334114752342586,0.0,0.004869001576978187,0.0,0.0,0.0,0.0664730540208106,0.15442157941413612,0.0,0.05135342266444953,0.277485965451237,0.0,0.22489881921769597,0.4393924970393077,0.12232354337800028,0.17827754305184587,0.08784419644996165,0.23256822911122635,0.0,0.32673146767162536,0.21554343167417722,0.15188561553867483,0.1454994434010742,0.13627352877372717,0.2897880245544967,0.1193830122903334,0.0649616031417938,0.22763728327204377,0.06488557872119376,0.21866756766572792,0.10201894790963473,0.2913658229361406,0.04600426078103671,0.09034783983985031,0.12576377040158185,0.03202449630034237,0.0,0.16320199213251393,1.0,0.09653735160993052
362.9818327,34.92104352,141,Mayo,1.4059159755706787,0.1245875433087349,0.44077230330792744,147,Mayo,0.02,2339.86,215.5,0.8212274050712586,1.0731592529764973,0.09915194012388645,0.05176253479244182,0.016532244580987517,0.01662440015227433,0.05234125788035545,0.18103232030654653,0.05380334900790312,0.03650624824713683,0.028467107735628078,0.03706561941767228,0.07343708323335754,1.0,0.035045876783854145,0.1279363478412948,0.03573841600099185,0.05695239948887661,0.026033343823795393,0.0,0.0,0.028387811483853123,0.062448472117943056,0.024369972811431266,0.0,0.08342323935479062,0.09827258223414113,0.0,0.049242203516997984,0.1132689189042585,0.18103232030654653,0.02296388444838506,0.03791735176169256,0.017924398500868854,0.07573986389910334,0.03691866943047904,0.03055224748767799,0.06362219794276001,0.032869746262188394,0.0,0.03304491423281143,0.02216821891697758,0.09987622589708813,0.0,0.10048920677422642,0.052249536545591016,0.08853887569663897,0.06148460261624129,0.03886410743915653,0.03395714478393254,0.008087068879370734,0.06758990236346556,0.14102625678517328,0.06300286637536834,0.0,0.032505194815325815
397.2264142,145.7762581,142,Norway,1.4053449630737305,0.012298770248889923,0.08413405554091677,947,Norway,0.0,1756.9,195.5,0.9120333307981491,0.8794200346694646,0.08440087315397723,0.0,0.05480622072897095,0.06067417731396395,0.03749572510165715,0.07726663161520167,0.062255742362805885,0.04578246419284589,0.07664449515188246,0.03593166358976744,0.06506446852206464,0.19377923804230923,0.07329412553498713,0.06067417731396395,0.04928688911417673,0.04850597798649378,0.04621661575398934,0.22898634473538873,0.3908150126522606,0.11264975329075683,0.04465258526931841,0.0756298569880756,0.12114348829971829,0.05528132037124782,0.06883840641880815,0.2313613952745296,0.08233088502355573,0.11245596182305631,0.07752560642265195,0.04979427167659422,0.09852917559628759,0.07465838561939941,1.0,0.14749640961744742,0.06477775999878499,0.05807060736376022,0.18187167132983248,0.13445338998834752,0.17165424494431333,0.044220875799027774,0.08233088502355573,0.19682496832693383,0.11149329637770353,0.07927221311977924,0.06554919642972211,0.08440087315397723,0.07240415546943564,0.07158691091465058,0.08771191730922079,0.07183980982272771,0.10961391678120867,0.07922351767737877,0.13680005586164873,0.05606466878212752
350.963145,34.570729,143,Mayo,1.4052214622497559,0.12108789384365082,0.43335017396049214,1936,Mayo,0.0,2480.86,216.5,0.7994954133033753,1.09139322285168,0.13722488296273935,0.04322427154540094,0.01169137572314853,0.019525708971315198,0.05543844174573615,0.18469668195742736,0.06065612222423225,0.0475405472631684,0.022911885489742503,0.040520877990722785,0.06866743032525492,1.0,0.03232802563263566,0.16499704393497194,0.04436724614733922,0.018629963441546597,0.029158466204535428,0.0,0.0,0.01799393332956566,0.04852840618003215,0.010779479638437941,0.0,0.0707628248644458,0.03984450754460972,0.0,0.049015246597819716,0.024882195660619135,0.15252426368911468,0.006195487961182014,0.0,0.05296886794948235,0.06976360102633881,0.0,0.025680694509512558,0.04540998356908214,0.04416843332974829,0.0,0.0,0.008463641870916638,0.11233577964358608,0.028607466755206316,0.11846483963409846,0.014862286424774277,0.09335942397243129,0.0634326137074516,0.04023264559456739,0.02794149766726836,0.025366045823946873,0.05590307322554773,0.15957174262749943,0.06988280399470737,0.0,0.019059705429033662
214.836586,22.48066525,145,Mayo,1.402390718460083,9.999000030802563e-05,0.0017027958103303178,841,Mayo,0.0,1668.96,150.5,0.982721879184246,0.9119278330171362,0.21548960355850258,0.3645735006659598,0.2515333889122835,0.22839830158249785,0.3335163915842683,0.638924372818329,0.3918702813159948,0.29049066939274165,0.266126095494852,0.2880063335134812,0.3956392434854666,1.0,0.3502978333810689,0.2788817540100539,0.33543120565362744,0.13236457337678115,0.1978741397824282,0.031600763008303244,0.04885706931265136,0.003920074504264301,0.2532063608055005,0.1988108655853741,0.031240768007154508,0.20632299670003382,0.22317045927796786,0.021801931826026803,0.13468475474496025,0.4488351570369084,0.28206941519738005,0.2706311112602513,0.0,0.10027159730894245,0.02999108558784434,0.005302987331460661,0.2775427084633788,0.2945333772721797,0.0,0.03183639672322347,0.015406230653423178,0.35105576176752956,0.08660272019693742,0.028915486894262418,0.0,0.0,0.3668610630442095,0.37899484726559435,0.2639491568732929,0.23747407101377535,0.0,0.3030312807818578,0.5464086119531775,0.3030312807818578,0.0,0.21108021158036405
312.0153681,78.66999482,146,Mayo,1.4021224975585938,9.999000030802563e-05,0.0017027958103303178,493,Mayo,0.0,1297.38,209.5,1.1068562436103822,0.7939390600447617,0.09209231186842035,0.0,0.0,0.0,0.0,0.07207051542115563,0.0,0.03370025496287921,0.0,0.0,0.0,0.5517121864393923,0.061661989384207014,0.0,0.10744795161904212,0.0,0.0,0.13938106380177645,0.0,0.04728794651954364,0.08262215194417324,0.0,0.0,0.0955621879515611,0.18410809914321818,0.5666680058010373,0.08152364026211179,0.23555631614530165,0.07875291874206741,0.0,0.018364628908021166,0.06492823746803658,0.2890702406092064,0.0,0.013789519516752313,0.22235169370114416,0.0,0.21709527667714618,0.11500110481257794,0.055278150471250447,0.05885935921820246,0.0,0.0,0.0,0.13281792960767078,0.06951819412438702,0.2971494883844065,0.0,0.16081428480872148,0.0618264942524144,0.2650512734120603,0.03843861579813415,1.0,0.010751717034257044
